,Res. Name 1,Res. Number 1,Chain 1,Res. Name 2,Res. Number 2,Chain 2,Atom 1,Atom 2,Distance (Å),Theta °,H Atom
0,PRO,1,A,GLU,308,B,CD,OE1,2.945946367468355 *,115.31085194039525,HD2
1,PRO,1,A,GLU,308,B,CG,OE1,3.300757488819806,111.56989552106768,HG3
2,PRO,1,A,GLN,305,B,CA,OE1,3.5194459791279633,132.95914694948434,HA
3,LEU,2,A,GLN,305,B,CD2,OE1,3.5383329408070097,134.5912741876485,HD22
4,ARG,220,A,VAL,223,B,CA,O,3.4953397545875142,141.10837839505578,HA
5,ARG,220,A,ASN,224,B,CB,OD1,3.112490963842303 *,115.04045050947391,HB2
6,ARG,220,A,ASN,224,B,CG,OD1,3.101773686135081 *,110.98489407038709,HG3
7,ARG,220,A,ASN,224,B,CD,OD1,3.421388606984014,122.2980737893304,HD3
8,LEU,222,A,PHE,221,B,CA,O,3.450652112282551,150.57662783663062,HA
9,TYR,236,A,SER,232,B,CE1,O,3.1544571640775247 *,122.47746600277131,HE1
10,GLN,305,A,LEU,2,B,CG,O,3.4862730816733265,140.64769476647845,HG2
11,VAL,223,A,ARG,220,B,O,CA,3.301121021713688,129.31429252233437,HA
12,VAL,223,A,ARG,220,B,O,CG,3.3668085778671766,139.9433884683178,HG3
13,PRO,202,A,ARG,220,B,O,CD,3.260076686214601,114.67931204900619,HD3
14,PHE,221,A,LEU,222,B,O,CA,3.332656597971048,141.88948970113591,HA
15,SER,232,A,MET,239,B,O,CE,3.5723521662904414,156.00911698242987,HE1
