,Res. Name 1,Res. Number 1,Chain 1,Res. Name 2,Res. Number 2,Chain 2,Atom 1,Atom 2,Distance (Å),Theta °,H Atom
0,LEU,2,A,GLU,308,B,CG,OE1,3.482082710103252,155.0540193780962,HG
1,ARG,220,A,VAL,223,B,CA,O,3.5890527998345227,137.29838646305947,HA
2,ARG,220,A,ASN,224,B,CB,OD1,3.2152760379165004 *,128.74119606506056,HB2
3,ARG,220,A,ASN,224,B,CD,OD1,3.5360288460361833,132.50402530266302,HD3
4,LEU,222,A,PHE,221,B,CA,O,3.3696587364301456,138.4802835640526,HA
5,LEU,222,A,PHE,221,B,CD2,O,3.4577593901253456,156.52303576986932,HD21
6,ARG,225,A,ARG,219,B,CG,O,3.535845019228073,158.5201150266069,HG3
7,HIS,229,A,PRO,371,B,CE1,O,3.4130777899133764,162.57412280019514,HE1
8,TYR,236,A,SER,232,B,CE1,O,3.49817095065407,154.91620183247784,HE1
9,GLN,305,A,LEU,2,B,CG,O,3.5122926985090612,156.95462688164088,HG3
10,VAL,223,A,ARG,220,B,O,CA,3.414293484749079,133.1343486033593,HA
11,ASN,224,A,ARG,220,B,OD1,CB,3.4746078915468996,130.81073116520284,HB2
12,VAL,223,A,ARG,220,B,O,CG,3.4268790465961882,154.1222477604266,HG3
13,ASN,224,A,ARG,220,B,OD1,CD,3.26363294504759,154.79524125785468,HD3
14,PHE,221,A,LEU,222,B,O,CA,3.4224406495949586,142.41698580431745,HA
15,ARG,219,A,ASN,224,B,O,CA,3.5791898524666106,147.2892703543355,HA
16,LEU,2,A,GLN,305,B,O,CG,3.3475662801503994,112.78315706856436,HG2
