,Res. Name 1,Res. Number 1,Chain 1,Res. Name 2,Res. Number 2,Chain 2,Atom 1,Atom 2,Distance (Å),Theta °,H Atom
0,ARG,220,A,VAL,223,B,CA,O,3.240632654282181,142.17321800379014,HA
1,LEU,222,A,PHE,221,B,CA,O,3.5077343114894015,150.24082769786085,HA
2,LEU,222,A,PHE,221,B,CD2,O,3.565122718785433,164.74991575201105,HD22
3,TYR,236,A,SER,232,B,CE1,O,3.4147181435661738,147.07989753697905,HE1
4,GLN,305,A,LEU,2,B,CG,O,3.573989367639479,155.71283657636877,HG2
5,LYS,318,A,ASP,364,B,CE,OD2,3.256777548436491,144.78250023765148,HE3
6,GLN,299,A,TRP,13,B,O,CB,3.5933967217661857,135.67782166542133,HB2
7,ASP,267,A,TRP,13,B,OD1,CZ2,3.459494182680463,121.68835663920078,HZ2
8,TYR,314,A,LYS,29,B,O,CA,3.232305678613957,141.5306280297628,HA
9,VAL,223,A,ARG,220,B,O,CA,3.314166561897575,123.8650480114355,HA
10,VAL,223,A,ARG,220,B,O,CB,3.315297875003088,118.30788275138043,HB2
11,PRO,202,A,ARG,220,B,O,CD,3.2400925912695726,111.07299387663315,HD3
12,ASN,224,A,ARG,220,B,OD1,CD,3.3473721036060455,139.60749104223137,HD3
13,PHE,221,A,LEU,222,B,O,CA,3.3427683138380964,144.43772075129047,HA
14,PHE,221,A,LEU,222,B,O,CG,3.392255886574595,152.59499557306486,HG
15,ARG,219,A,ASN,224,B,O,CA,3.433453072345679,155.6708871305481,HA
16,GLU,375,A,HIS,229,B,OE2,CD2,3.358660447261666,129.4288064330039,HD2
