,Res. Name 1,Res. Number 1,Chain 1,Res. Name 2,Res. Number 2,Chain 2,Atom 1,Atom 2,Distance (Å),Theta °,H Atom
0,ARG,220,A,VAL,223,B,CA,O,3.4019700175045724,149.42863803134864,HA
1,ASN,224,A,ARG,219,B,CA,O,3.58006983172116,126.14739032477827,HA
2,ARG,225,A,ARG,219,B,CG,O,3.4393167926203003,158.8867949716735,HG3
3,TYR,236,A,SER,232,B,CE1,O,3.274782435521477,155.72837081756416,HE1
4,TYR,236,A,HIS,229,B,CE2,NE2,3.376284940581885,138.3099187562175,HE2
5,LYS,318,A,ASP,364,B,CD,OD1,3.4501449244923026,127.15102637991895,HD3
6,LYS,318,A,GLN,367,B,CD,OE1,3.425726200384373,115.23501925864882,HD2
7,VAL,223,A,ARG,220,B,O,CA,3.40060288772447,130.10153376081237,HA
8,VAL,223,A,ARG,220,B,O,CB,3.3582138109417636,113.16097794195638,HB3
9,VAL,223,A,ARG,220,B,O,CG,3.5859866145873998,124.43284592847574,HG2
10,ASN,224,A,ARG,220,B,OD1,CG,3.3551303998503488,126.066445756558,HG2
11,PRO,202,A,ARG,220,B,O,CD,3.5009427301799754,165.73608097128695,HD3
12,PHE,221,A,LEU,222,B,O,CA,3.5136021402543607,148.993349995824,HA
13,ARG,219,A,ASN,224,B,O,CA,3.364000594530268,143.34525130453466,HA
14,GLN,379,A,ASP,228,B,OE1,CA,3.439433092822123,136.70381793364785,HA
15,ASN,240,A,SER,232,B,OD1,CB,3.511993735757511,110.73729542050768,HB2
16,SER,232,A,TYR,236,B,O,CE1,3.5164044136020527,170.61992429896765,HE1
17,ASP,364,A,LYS,318,B,OD1,CD,3.3320414163092247,117.44650297651707,HD3
