,Res. Name 1,Res. Number 1,Chain 1,Res. Name 2,Res. Number 2,Chain 2,Distance (Å),Theta °,Gamma °
0,TYR,236,A,HIS,229,B,5.142514009055623,72.03992309511973,87.9344531970541
1,TYR,236,A,TYR,236,B,5.2678693247101505,23.157995645457216,84.11159670811205
