,Res. Name 1,Res. Number 1,Chain 1,Res. Name 2,Res. Number 2,Chain 2,Distance (Å),Theta °,Gamma °
0,TYR,236,A,HIS,229,B,5.2507699647025285,66.37555581592609,84.01345005501777
1,TYR,236,A,TYR,236,B,4.299679897646126,29.601866227115575,78.16494655912751
