,Res. Name 1,Res. Number 1,Chain 1,Res. Name 2,Res. Number 2,Chain 2,Atom 1,Atom 2,Distance (Å),Theta °,H Atom
0,LEU,2,A,GLN,305,B,CD2,O,3.292126972034955,128.5542827597743,HD22
1,ARG,220,A,VAL,223,B,CA,O,3.4409882301455226,142.1668608460685,HA
2,ARG,220,A,VAL,223,B,CG,O,3.5387285852407575,136.23076260155278,HG3
3,ARG,220,A,ASN,224,B,CD,OD1,3.2756373425640386,133.7413271925731,HD3
4,LEU,222,A,PHE,221,B,CA,O,3.487305550134654,134.34976092478578,HA
5,LEU,222,A,PHE,221,B,CD2,O,3.4121547444393556,156.09923509286784,HD22
6,GLN,305,A,LEU,2,B,CG,O,3.5155227207344324,152.93555911559915,HG2
7,PRO,313,A,PRO,28,B,CB,O,3.382395600753994,141.006671838893,HB2
8,GLU,375,A,HIS,229,B,CA,ND1,3.5886766363103897,114.71091797286492,HA
9,GLY,274,A,LEU,2,B,O,CD1,3.5451516187604812,130.42497452736612,HD11
10,GLN,299,A,TRP,13,B,O,CB,3.289772028575846,135.8103997141875,HB2
11,GLN,299,A,TRP,13,B,O,CD1,3.524400658268014,139.70619580981304,HD1
12,PRO,313,A,LEU,30,B,O,CG,3.209688458402157 *,121.78612345633036,HG
13,VAL,223,A,ARG,220,B,O,CA,3.418552325180932,111.11994515442079,HA
14,VAL,223,A,ARG,220,B,O,CB,3.4179526035332883,138.55629223527933,HB2
15,ASN,224,A,ARG,220,B,OD1,CB,3.4084013848137054,142.3942286659662,HB3
16,ASN,224,A,ARG,220,B,OD1,CD,3.497055904614627,134.63751672783968,HD3
17,MET,239,A,MET,239,B,SD,CE,3.5951216947413607,114.29635895322082,HE1
