,Res. Name 1,Res. Number 1,Chain 1,Res. Name 2,Res. Number 2,Chain 2,Atom 1,Atom 2,Distance (Å),Theta °,H Atom
0,ARG,220,A,ASN,224,B,CB,OD1,3.4196783474473156,158.58042268891796,HB2
1,TYR,236,A,SER,232,B,CE1,O,3.534133557182014,131.34906719108628,HE1
2,PRO,313,A,PRO,28,B,CB,O,3.2663588290327157,117.05258334317921,HB3
3,LYS,318,A,GLU,360,B,CE,OE1,3.595705772167687,161.0857776843525,HE3
4,LYS,318,A,GLU,360,B,CE,OE2,3.3399700597460447,139.33985644644446,HE3
5,GLN,305,A,LEU,2,B,O,CD1,3.567211796347393,159.4215762795411,HD12
6,LYS,301,A,LEU,4,B,O,CD1,3.5693696922566036,145.2431668256753,HD12
7,VAL,223,A,ARG,220,B,O,CA,3.3978522628272074,129.3944612871329,HA
8,ASN,224,A,ARG,220,B,OD1,CB,3.4039682724725804,132.43873411434726,HB2
9,VAL,223,A,ARG,220,B,O,CG,3.284280743176495,152.09057215983762,HG3
10,PRO,202,A,ARG,220,B,O,CD,3.5519712836677044,111.5087508492223,HD3
11,SER,232,A,TYR,236,B,O,CE2,3.50014285422753,156.59390524191537,HE2
