,Res. Name 1,Res. Number 1,Chain 1,Res. Name 2,Res. Number 2,Chain 2,Atom 1,Atom 2,Distance (Å),Theta °,H Atom
0,LEU,2,A,ILE,304,B,CD1,O,3.309516581012997,151.90755722824287,HD13
1,ARG,220,A,VAL,223,B,CA,O,3.520809565994732,131.9772773751079,HA
2,ARG,220,A,ASN,224,B,CB,OD1,3.070146576305437 *,114.06030422625349,HB2
3,ARG,220,A,ASN,224,B,CD,OD1,3.575136361035754,126.8144760341508,HD3
4,LEU,222,A,PHE,221,B,CA,O,3.526329536501097,146.57165348146754,HA
5,ILE,304,A,TRP,13,B,CG2,O,3.530594850729832,148.4716170091227,HG22
6,PRO,313,A,PRO,28,B,CB,O,3.532208940592278,158.82203253327177,HB2
7,GLN,299,A,TRP,13,B,O,CB,3.2921421597494818,145.17238368255695,HB2
8,GLN,299,A,TRP,13,B,O,CD1,3.5091024493451304,139.44312707293554,HD1
9,GLU,308,A,PRO,15,B,OE2,CG,3.4682848787260805,124.35361697120578,HG2
10,GLU,308,A,PRO,15,B,OE2,CB,3.39047194355004,114.16287125226982,HB2
11,PRO,313,A,LEU,30,B,O,CD1,3.4250401457501285,116.9318593771343,HD11
12,VAL,223,A,ARG,220,B,O,CA,3.514612354157993,138.5634949398532,HA
13,PHE,221,A,LEU,222,B,O,CD1,3.2504461232267747,139.1419550515335,HD12
14,SER,232,A,TYR,236,B,O,CE2,3.593953255121717,154.97677510679202,HE2
