,Res. Name 1,Res. Number 1,Chain 1,Res. Name 2,Res. Number 2,Chain 2,Atom 1,Atom 2,Distance (Å),Theta °,H Atom
0,ARG,220,A,VAL,223,B,CA,O,3.3107854053079326,140.39431757213868,HA
1,ARG,220,A,ASN,224,B,CB,OD1,3.337154476496409,155.0848706396632,HB2
2,LEU,222,A,PHE,221,B,CA,O,3.431981934684384,142.35827785609266,HA
3,LEU,222,A,PHE,221,B,CD1,O,3.3661996375735126,156.58513810950694,HD13
4,HIS,229,A,PRO,371,B,CE1,O,3.4745935014041587,148.8104342600024,HE1
5,TYR,236,A,HIS,229,B,CE2,NE2,3.453766060404208,123.4848676125554,HE2
6,GLN,305,A,LEU,2,B,O,CD1,3.151317184924434 *,111.7390090480374,HD12
7,GLN,299,A,TRP,13,B,O,CD1,3.5592414922283657,151.1843250625077,HD1
8,GLU,308,A,PRO,15,B,OE2,CB,3.540127116361784,129.13361490139255,HB2
9,VAL,223,A,ARG,220,B,O,CA,3.1771685507696983 *,131.74071459655897,HA
10,VAL,223,A,ARG,220,B,O,CB,3.370237380363585,116.88803321257855,HB2
11,ASN,224,A,ARG,220,B,OD1,CB,3.565585505916248,176.36500459412434,HB3
12,PHE,221,A,LEU,222,B,O,CA,3.5028845256445433,153.03028666291505,HA
13,PHE,221,A,LEU,222,B,O,CD1,3.4878503408260007,136.3983197709436,HD12
14,ARG,219,A,ASN,224,B,O,CA,3.569733883638942,144.43132570450257,HA
15,MET,374,A,HIS,229,B,O,CE1,3.497241770309854,127.30091236145608,HE1
16,SER,232,A,TYR,236,B,O,CZ,3.5972628483334366,128.7298179073153,HH
17,SER,232,A,TYR,236,B,O,CE2,3.552646900551756,121.42480574471789,HE2
18,GLN,367,A,LYS,318,B,OE1,CE,3.424631367023318,149.2971874175669,HE3
