,Res. Name 1,Res. Number 1,Chain 1,Res. Name 2,Res. Number 2,Chain 2,Atom 1,Atom 2,Distance (Å),Theta °,H Atom
0,ILE,12,A,GLN,299,B,CG2,OE1,3.476564396066903,117.12972790535281,HG21
1,ARG,220,A,ASN,224,B,CB,OD1,3.0339742912556127 *,128.38903675171758,HB2
2,ARG,220,A,ASN,224,B,CD,OD1,3.5182239837736367,124.0266565227506,HD3
3,LEU,222,A,PHE,221,B,CA,O,3.544065462149362,135.71417240754064,HA
4,LEU,222,A,PHE,221,B,CD2,O,3.163447486524787 *,121.97825711980153,HD21
5,TYR,236,A,SER,232,B,CE1,O,3.3398952079369315,140.84254854417125,HE1
6,GLN,305,A,LEU,2,B,O,CD1,3.5401271163617842,137.13727462942637,HD11
7,VAL,223,A,ARG,220,B,O,CA,3.3598214238259767,137.54667628443565,HA
8,ASN,224,A,ARG,220,B,OD1,CG,3.2697706341576924,135.11998749061942,HG2
9,ARG,219,A,ASN,224,B,O,CA,3.2342077855326594,158.19434599807266,HA
10,SER,232,A,MET,239,B,O,CE,3.5900696372076126,153.622150940068,HE1
11,GLN,227,A,ARG,378,B,O,CD,3.4216078092031483,122.69057284196363,HD2
