,Res. Name 1,Res. Number 1,Chain 1,Res. Name 2,Res. Number 2,Chain 2,Atom 1,Atom 2,Distance (Å),Theta °,H Atom
0,PRO,1,A,GLN,305,B,CB,OE1,3.489842403318521,110.16769749261447,HB3
1,PRO,1,A,GLN,305,B,CA,OE1,3.346834325149663,122.02651918467208,HA
2,PRO,1,A,GLU,308,B,CA,OE1,3.0243015722642483 *,116.93573426714146,HA
3,LEU,2,A,GLN,305,B,CD1,O,3.327596730374638,117.16306531735297,HD11
4,ARG,220,A,VAL,223,B,CA,O,3.4245291647173906,128.6770099644745,HA
5,ARG,220,A,VAL,223,B,CG,O,3.5159635948058443,153.8233003151258,HG3
6,LEU,222,A,PHE,221,B,CA,O,3.312234895051986,144.63579385120252,HA
7,ASN,224,A,ARG,219,B,CA,O,3.3614431424612823,140.75743106485137,HA
8,SER,232,A,ASN,240,B,CB,OD1,3.3066448251966825,112.86093097181329,HB3
9,TYR,236,A,SER,232,B,CE1,O,3.212444552050661 *,124.725154612345,HE1
10,GLN,305,A,LEU,2,B,CG,O,3.5888298928759395,124.03102822148303,HG2
11,LYS,301,A,LEU,4,B,O,CD1,3.5999305548857423,144.45820611123446,HD12
12,GLU,315,A,LEU,30,B,OE1,CD2,3.414996339675923,162.31951865505218,HD22
13,VAL,223,A,ARG,220,B,O,CA,3.1834729463276377 *,142.23957585268013,HA
14,PRO,202,A,ARG,220,B,O,CD,3.5620359346867874,127.20902065302835,HD3
15,GLN,227,A,ARG,378,B,O,CD,3.4094427697205814,116.11579477501381,HD2
