,Res. Name 1,Res. Number 1,Chain 1,Res. Name 2,Res. Number 2,Chain 2,Atom 1,Atom 2,Distance (Å),Theta °,H Atom
0,PRO,1,A,GLU,308,B,CD,OE2,3.1557408005094456 *,137.95687862217127,HD2
1,PRO,1,A,GLN,305,B,CB,OE1,3.4207747660435075,114.9256359022279,HB2
2,PRO,1,A,GLN,305,B,CA,OE1,3.326695056659086,132.1570561867002,HA
3,PRO,1,A,GLU,308,B,CA,OE1,2.8234907472842905 *,112.73883466233588,HA
4,ARG,220,A,VAL,223,B,CA,O,3.5196306624417355,126.59090906627247,HA
5,ARG,220,A,ASN,224,B,CB,OD1,3.3209787713865326,134.10175176486425,HB2
6,ARG,220,A,VAL,223,B,CG,O,3.5690054637111492,143.06428936208067,HG3
7,ARG,220,A,ASN,224,B,CD,OD1,3.15236419215801 *,140.20238852664215,HD3
8,LEU,222,A,PHE,221,B,CA,O,3.4387643129473084,145.35582907016857,HA
9,SER,232,A,ASN,240,B,CB,OD1,3.369228398313176,127.81513411999717,HB3
10,TYR,236,A,SER,232,B,CE1,O,3.594412330270416,141.09030841234,HE1
11,GLU,308,A,PRO,15,B,OE1,CG,3.2751488515791105,114.08587442527671,HG2
12,VAL,223,A,ARG,220,B,O,CA,3.49666984429472,138.865272107728,HA
13,ASN,224,A,ARG,220,B,OD1,CB,3.468429039204928,139.56697822047013,HB2
14,VAL,223,A,ARG,220,B,O,CG,3.4408429199834165,147.0956244218069,HG3
15,PRO,202,A,ARG,220,B,O,CD,3.3871079108879867,136.31660081460015,HD3
16,PHE,221,A,LEU,222,B,O,CA,3.5901671270290545,142.84780814441072,HA
17,ARG,219,A,ARG,225,B,O,CA,3.5639304145844415,117.82913604115403,HA
