,Res. Name 1,Res. Number 1,Chain 1,Res. Name 2,Res. Number 2,Chain 2,Atom 1,Atom 2,Distance (Å),Theta °,H Atom
0,ARG,220,A,VAL,223,B,CA,O,3.389675500693249,138.62088967888766,HA
1,ARG,220,A,ASN,224,B,CB,OD1,3.319066133718945,136.8911352632523,HB2
2,ARG,220,A,ASN,224,B,CD,OD1,3.323913356271493,140.92642792651074,HD3
3,LEU,222,A,PHE,221,B,CA,O,3.191770668453486 *,140.73554026756446,HA
4,LEU,222,A,PHE,221,B,CD2,O,3.1442169136368516 *,112.10479436644289,HD21
5,LYS,318,A,ASP,364,B,CD,OD2,3.599527746802353,132.90325731381986,HD3
6,GLN,305,A,LEU,2,B,O,CD2,3.5566979067668947,146.82552282418646,HD21
7,LYS,301,A,LEU,4,B,O,CD1,3.533468550871789,119.63734046946634,HD13
8,ASP,267,A,TRP,13,B,OD2,CZ2,3.4697262139828813,142.0735588423486,HZ2
9,GLU,315,A,LEU,30,B,OE1,CD1,3.396910360901513,139.24594992716584,HD11
10,ASP,216,A,ARG,207,B,OD2,CG,3.471383009695123,111.96364561182465,HG2
11,VAL,223,A,ARG,220,B,O,CA,3.135123602029113 *,118.34722116135704,HA
12,VAL,223,A,ARG,220,B,O,CB,3.203685377811001 *,112.3200005145359,HB2
13,PRO,202,A,ARG,220,B,O,CD,3.49400915854553,112.99125432512282,HD3
14,PHE,221,A,LEU,222,B,O,CA,3.339610755761816,138.79119301369772,HA
15,PHE,221,A,LEU,222,B,O,CD1,3.472779866331871,136.00529460977063,HD11
16,MET,374,A,HIS,229,B,O,CE1,3.4177477964296914,116.57590532387478,HE1
