,Res. Name 1,Res. Number 1,Chain 1,Res. Name 2,Res. Number 2,Chain 2,Distance (Å),Theta °,Gamma °
0,TYR,236,A,HIS,229,B,5.237939416729955,64.7471391213296,85.76173018500867
1,TYR,236,A,TYR,236,B,4.835511578129261,27.407394445518037,84.51080141827285
