,Res. Name 1,Res. Number 1,Chain 1,Res. Name 2,Res. Number 2,Chain 2,Atom 1,Atom 2,Distance (Å),Theta °,H Atom
0,ARG,220,A,VAL,223,B,CA,O,3.208878308692931 *,134.74720396227372,HA
1,ARG,220,A,VAL,223,B,CG,O,3.3951435904833245,143.40395278570614,HG3
2,ARG,220,A,ASN,224,B,CD,OD1,3.537640456575532,146.9824391482485,HD3
3,LEU,222,A,PHE,221,B,CA,O,3.285483221689013,140.69548699686857,HA
4,LEU,222,A,PHE,221,B,CG,O,3.3747592506725583,125.35725900084398,HG
5,LEU,222,A,PHE,221,B,CD2,O,3.525719784668093,127.77359984008314,HD22
6,ARG,225,A,ARG,219,B,CD,O,3.527421154327906,168.23845193660983,HD2
7,TYR,236,A,SER,232,B,CE1,O,3.569691863452643,138.88341068312343,HE1
8,ILE,304,A,TRP,13,B,CG2,O,3.5282431888972714,164.9940330308753,HG21
9,LYS,318,A,GLU,360,B,CE,OE1,3.04251540669887 *,161.08300511370257,HE2
10,LYS,301,A,LEU,4,B,O,CD2,3.447346805878394,128.6690499036086,HD22
11,GLN,299,A,ILE,12,B,O,CA,3.4398110413218883,148.28869217954545,HA
12,GLN,299,A,ILE,12,B,OE1,CG1,3.4311222653819877,141.19618668481817,HG12
13,GLN,299,A,TRP,13,B,O,CD1,3.457441250404698,162.73883669795023,HD1
14,VAL,223,A,ARG,220,B,O,CA,3.3829277260976194,144.59763771775124,HA
15,ASN,224,A,ARG,220,B,OD1,CB,3.2717885017219572,116.42402953681652,HB2
16,PRO,202,A,ARG,220,B,O,CD,3.2838239904111726,130.31528255608148,HD3
17,ASN,224,A,ARG,220,B,OD1,CD,3.5730239293909025,125.80362682772635,HD3
18,PHE,221,A,LEU,222,B,O,CA,3.4505072090926023,151.18598048161545,HA
