,Res. Name 1,Res. Number 1,Chain 1,Res. Name 2,Res. Number 2,Chain 2,Atom 1,Atom 2,Distance (Å),Theta °,H Atom
0,PRO,1,A,GLU,308,B,CD,OE1,3.292962192312564,132.85135673448994,HD2
1,ARG,220,A,ASN,224,B,CB,OD1,3.3351911489448427,120.64568888496463,HB2
2,ARG,220,A,ASN,224,B,CD,OD1,3.129520730079928 *,135.82868634038502,HD3
3,LEU,222,A,PHE,221,B,CA,O,3.448057424115792,146.0402661003093,HA
4,HIS,229,A,PRO,371,B,CE1,O,3.3704747440086176,151.13994152161447,HE1
5,SER,232,A,ASN,240,B,CB,OD1,3.5084754523866875,129.8014547986463,HB3
6,VAL,223,A,ARG,220,B,O,CA,3.4505216996854253,142.30274210322008,HA
7,ASN,224,A,ARG,220,B,OD1,CB,3.548999859115243,140.83063742556374,HB2
8,PRO,202,A,ARG,220,B,O,CD,3.249707679161316,141.93461022436074,HD3
9,ARG,219,A,ARG,225,B,O,CA,3.564842212496934,110.05747689196454,HA
10,SER,232,A,TYR,236,B,O,CE2,3.4230687986074697,139.86565397810742,HE2
