,Res. Name 1,Res. Number 1,Chain 1,Res. Name 2,Res. Number 2,Chain 2,Atom 1,Atom 2,Distance (Å),Theta °,H Atom
0,PRO,1,A,GLU,308,B,CA,OE2,3.384361091845847,147.6003176497337,HA
1,LEU,2,A,GLU,308,B,CG,OE2,3.4424555189573627,133.2837505055944,HG
2,ARG,220,A,VAL,223,B,CA,O,3.387166957798212,129.3376917576207,HA
3,ARG,220,A,ASN,224,B,CB,OD1,3.184807686501647 *,137.18460240660522,HB2
4,ARG,220,A,VAL,223,B,CG,O,3.313095229539898,148.18357530498656,HG3
5,ARG,220,A,ASN,224,B,CD,OD1,3.3669570831835647,131.4343331169436,HD3
6,LEU,222,A,PHE,221,B,CA,O,3.424047312757233,153.21045207723975,HA
7,ASN,224,A,ARG,219,B,CA,O,3.5793295461580508,154.84575065219175,HA
8,HIS,229,A,GLU,375,B,CB,OE1,3.2924307130143258,131.837693970534,HB2
9,HIS,229,A,PRO,371,B,CE1,O,3.1945422207258405 *,159.15048090134152,HE1
10,SER,232,A,ASN,240,B,CB,OD1,3.4584823261077937,135.27100142539507,HB3
11,TYR,236,A,SER,232,B,CE1,O,3.3902949724175935,165.0240491428773,HE1
12,GLU,308,A,PRO,1,B,OE2,CA,3.521902894743118,131.48375035021294,HA
13,VAL,223,A,ARG,220,B,O,CA,3.3842872218533655,159.7062702460975,HA
14,PRO,202,A,ARG,220,B,O,CD,3.440886513676379,141.39807441175486,HD3
15,PHE,221,A,LEU,222,B,O,CA,3.52869664323812,146.51124611249932,HA
16,PHE,221,A,LEU,222,B,O,CD1,3.5461669447447015,172.63939794984952,HD12
17,SER,232,A,TYR,236,B,O,CE2,3.570070027324401,155.75288545737416,HE2
