,Res. Name 1,Res. Number 1,Chain 1,Res. Name 2,Res. Number 2,Chain 2,Atom 1,Atom 2,Distance (Å),Theta °,H Atom
0,PRO,1,A,GLU,308,B,CA,OE2,3.2601073601953705,139.1046380821453,HA
1,ARG,220,A,VAL,223,B,CA,O,3.3353560529574633,137.8340756179284,HA
2,ARG,220,A,ASN,224,B,CB,OD1,3.4848959812310065,129.39211429506778,HB2
3,ARG,220,A,PRO,202,B,CD,O,3.371957888230509,110.17911192331707,HD3
4,ARG,220,A,ASN,224,B,CD,OD1,3.4321567563268416,134.3178002649579,HD3
5,LEU,222,A,PHE,221,B,CA,O,3.198765386832862 *,155.4474918679086,HA
6,LEU,222,A,PHE,221,B,CD2,O,3.5950799712940955,171.06390271361,HD23
7,TYR,236,A,SER,232,B,CE1,O,3.4488548824211174,126.04219375309702,HE1
8,GLU,308,A,PRO,1,B,OE2,CB,3.3671649796230714,111.13038702373224,HB3
9,GLU,308,A,PRO,1,B,OE2,CA,2.897913042173635 *,129.13448090305275,HA
10,GLN,316,A,ILE,12,B,OE1,CG2,3.557672272708662,114.1741751922474,HG22
11,VAL,223,A,ARG,220,B,O,CA,3.190250773842081 *,138.55494992057535,HA
12,VAL,223,A,ARG,220,B,O,CG,3.5689354154985753,151.21630417872183,HG3
13,PRO,202,A,ARG,220,B,O,CD,3.216504313692118 *,132.24255618570743,HD3
14,PHE,221,A,LEU,222,B,O,CA,3.455227923017524,146.90117287603672,HA
