,Res. Name 1,Res. Number 1,Chain 1,Res. Name 2,Res. Number 2,Chain 2,Atom 1,Atom 2,Distance (Å),Theta °,H Atom
0,ARG,220,A,VAL,223,B,CA,O,3.3621867883863894,139.03278452715506,HA
1,ARG,220,A,ASN,224,B,CD,OD1,3.497399033567668,129.00875804947972,HD3
2,LEU,222,A,PHE,221,B,CA,O,3.546406632071401,143.49697868630787,HA
3,ASN,224,A,ARG,219,B,CA,O,3.4797413696997666,126.83490072476059,HA
4,TYR,236,A,SER,232,B,CE1,O,3.5976937056953484,132.00295531302322,HE1
5,GLN,305,A,LEU,2,B,CG,O,3.576436774220965,137.97514980415482,HG2
6,GLN,305,A,LEU,2,B,O,CD2,3.4259013412531214,127.35770420358428,HD21
7,ASP,292,A,THR,31,B,OD1,CG2,3.5470551165720567,142.37323000811375,HG21
8,ASP,292,A,THR,31,B,OD2,CG2,3.560477496067058,120.00576826676313,HG21
9,VAL,223,A,ARG,220,B,O,CA,3.17535824750531 *,145.8789944666184,HA
10,ASN,224,A,ARG,220,B,OD1,CG,3.2198913025131732 *,130.48887864760465,HG2
11,PRO,202,A,ARG,220,B,O,CD,3.5120506830055818,154.3995788280313,HD3
12,PHE,221,A,LEU,222,B,O,CA,3.534770148114305,145.1582999239637,HA
13,SER,232,A,TYR,236,B,O,CE1,3.5674781008437906,150.57426272215898,HE1
14,GLY,266,A,THR,358,B,O,CG2,3.3844792804802273,115.55609717195824,HG21
