,Res. Name 1,Res. Number 1,Chain 1,Res. Name 2,Res. Number 2,Chain 2,Distance (Å),Theta °,Gamma °
0,TYR,236,A,HIS,229,B,5.010338256489723,67.3109467723003,85.49622338976219
1,TYR,236,A,TYR,236,B,5.488276900205863,26.205193729845508,86.70808631853566
