,Res. Name 1,Res. Number 1,Chain 1,Res. Name 2,Res. Number 2,Chain 2,Atom 1,Atom 2,Distance (Å),Theta °,H Atom
0,ARG,220,A,VAL,223,B,CA,O,3.50161391361184,134.4603186676354,HA
1,ARG,220,A,ASN,224,B,CB,OD1,3.4909740760996772,140.0792459269609,HB2
2,ARG,220,A,VAL,223,B,CG,O,3.494424129953312,157.80730202572238,HG3
3,LEU,222,A,PHE,221,B,CA,O,3.4305976155766236,152.8423559184167,HA
4,MET,239,A,SER,232,B,CE,O,3.4026607236102757,132.01531900509136,HE2
5,LYS,318,A,ASP,364,B,CD,OD2,3.577233567996365,119.08467593421832,HD3
6,GLN,305,A,LEU,2,B,O,CD1,3.3867388443752153,140.4263087265185,HD13
7,GLN,305,A,LEU,4,B,OE1,CD2,3.404482339504782,129.77222197338298,HD21
8,PRO,313,A,LEU,30,B,O,CD1,3.449144821546351,117.82718872660917,HD13
9,VAL,223,A,ARG,220,B,O,CA,3.3542361276451595,151.32686677807803,HA
10,PHE,221,A,LEU,222,B,O,CA,3.3570671723991476,144.7542666454763,HA
11,PHE,221,A,LEU,222,B,O,CD1,3.3485071300506433,159.2714874509139,HD12
12,PRO,371,A,HIS,229,B,O,CE1,3.251630360296204,114.72572021448367,HE1
13,SER,232,A,TYR,236,B,O,CE2,3.15781570076532 *,127.61982082474002,HE2
14,ASP,324,A,THR,358,B,OD2,CG2,3.510754904575365,123.47964645340738,HG21
15,GLU,329,A,THR,358,B,OE1,CG2,3.327296199619138,119.3932278755741,HG21
