,Res. Name 1,Res. Number 1,Chain 1,Res. Name 2,Res. Number 2,Chain 2,Atom 1,Atom 2,Distance (Å),Theta °,H Atom
0,ARG,220,A,VAL,223,B,CA,O,3.505053494598899,138.54782084235774,HA
1,ARG,220,A,ASN,224,B,CB,OD1,3.2244689485247053,134.65590827278567,HB2
2,ARG,220,A,ASN,224,B,CD,OD1,3.2561019640054263,132.69796839849658,HD3
3,LEU,222,A,PHE,221,B,CA,O,3.371453692400357,144.9825919963374,HA
4,HIS,229,A,PRO,371,B,CE1,O,3.3406885517809015,135.00534081165003,HE1
5,PRO,313,A,PRO,28,B,CB,O,3.457542479854738,141.48872321950785,HB2
6,LYS,301,A,LEU,4,B,O,CD1,3.4394912414483567,125.503267626512,HD13
7,GLU,308,A,PRO,15,B,OE2,CB,3.518792406494026,131.61672559286933,HB2
8,TYR,314,A,LEU,30,B,O,CD1,3.5958170142541936,156.73680642283037,HD12
9,PRO,313,A,LEU,30,B,O,CD2,3.5969570472831562,111.16779949705656,HD22
10,VAL,223,A,ARG,220,B,O,CA,3.186565549302265 *,118.25275364599278,HA
11,VAL,223,A,ARG,220,B,O,CB,3.171781833607099 *,122.75012669448891,HB2
12,ASN,224,A,ARG,220,B,OD1,CB,3.443109060137364,164.4707829135494,HB3
13,PRO,202,A,ARG,220,B,O,CD,3.537075062816728,135.79461404346108,HD3
14,PHE,221,A,LEU,222,B,O,CA,3.3142570811571046,143.03426350965822,HA
15,PHE,221,A,LEU,222,B,O,CD1,3.3910175464010797,133.07298731089372,HD11
16,HIS,229,A,GLU,375,B,ND1,CG,3.514398952879421,124.533511230993,HG3
