,Res. Name 1,Res. Number 1,Chain 1,Res. Name 2,Res. Number 2,Chain 2,Distance (Å),Theta °,Gamma °
0,TYR,236,A,HIS,229,B,5.291896047521882,77.2400645687874,86.19006183224165
1,TYR,236,A,TYR,236,B,4.998894600031319,20.738397164092774,83.88429498321027
