,Res. Name 1,Res. Number 1,Chain 1,Res. Name 2,Res. Number 2,Chain 2,Distance (Å),Theta °,Gamma °
0,TYR,236,A,HIS,229,B,5.270829620552052,75.74331707016755,88.42052894091184
1,TYR,236,A,TYR,236,B,4.584913364018502,45.58796417658776,79.75523704765985
