,Res. Name 1,Res. Number 1,Chain 1,Res. Name 2,Res. Number 2,Chain 2,Atom 1,Atom 2,Distance (Å),Theta °,H Atom
0,ARG,220,A,VAL,223,B,CA,O,3.5058379882704247,141.1121001399573,HA
1,ARG,220,A,ASN,224,B,CB,OD1,3.314423026712185,144.31178170777036,HB2
2,PRO,313,A,LYS,29,B,CB,O,3.216037935099646 *,118.87736219399291,HB2
3,PRO,313,A,PRO,28,B,CA,O,3.2403240578682833,133.74799883898874,HA
4,LYS,318,A,GLU,360,B,CD,OE2,3.4786491631091496,132.99388694481723,HD2
5,LYS,318,A,GLU,360,B,CE,OE1,3.592575677699771,132.28676890579416,HE2
6,GLU,375,A,HIS,229,B,CA,ND1,3.5088744634141564,121.81334430602024,HA
7,GLN,305,A,LEU,2,B,O,CG,3.4149377739572278,121.7547573242663,HG
8,GLN,305,A,LEU,2,B,O,CD2,3.4085187398633914,114.46204360844887,HD21
9,LYS,301,A,LEU,4,B,O,CD2,3.3738998206822797,113.83912255767358,HD22
10,GLN,299,A,TRP,13,B,O,CB,3.4316468349758806,138.630514437241,HB2
11,GLN,299,A,TRP,13,B,O,CD1,3.507720057245162,129.992846495819,HD1
12,TYR,314,A,LYS,29,B,O,CA,3.4391568734211506,136.08991182980904,HA
13,VAL,223,A,ARG,220,B,O,CA,3.2011716605018243 *,128.8472487648491,HA
14,ASN,224,A,ARG,220,B,OD1,CG,3.3642383982114055,131.36844766989717,HG2
15,PHE,221,A,LEU,222,B,O,CA,3.3600744039380963,137.2585382049265,HA
16,PHE,221,A,LEU,222,B,O,CG,3.5793155770342437,153.64593087849076,HG
