,Res. Name 1,Res. Number 1,Chain 1,Res. Name 2,Res. Number 2,Chain 2,Distance (Å),Theta °,Gamma °
0,TYR,236,A,HIS,229,B,5.256051371303143,72.90587207935883,86.43886430706651
1,TYR,236,A,TYR,236,B,4.846454889916958,36.410952474151735,82.38642410278007
