,Res. Name 1,Res. Number 1,Chain 1,Res. Name 2,Res. Number 2,Chain 2,Distance (Å),Theta °,Gamma °
0,TYR,236,A,HIS,229,B,5.462841812341501,59.82168519958601,85.97291082435099
1,TYR,236,A,TYR,236,B,4.4325989366660945,28.376521199433107,78.70630633396507
