,Res. Name 1,Res. Number 1,Chain 1,Res. Name 2,Res. Number 2,Chain 2,Distance (Å),Theta °,Gamma °
0,TYR,236,A,HIS,229,B,5.388449374974828,78.78880096927172,89.78639065917915
1,TYR,236,A,TYR,236,B,4.552740322535928,40.617307843197246,80.4962077305041
