,Res. Name 1,Res. Number 1,Chain 1,Res. Name 2,Res. Number 2,Chain 2,Atom 1,Atom 2,Distance (Å),Theta °,H Atom
0,ARG,220,A,ASN,224,B,CA,OD1,3.4651839777997355,115.75166019996345,HA
1,ARG,220,A,ASN,224,B,CB,OD1,3.2195962479789317 *,143.27402515638403,HB2
2,LEU,222,A,PHE,221,B,CA,O,3.368872214851738,144.87692850309998,HA
3,LEU,222,A,PHE,221,B,CD2,O,3.453259329966406,145.621620992983,HD21
4,VAL,223,A,MET,239,B,CG2,SD,3.5403672125925065,147.46518597521182,HG21
5,ARG,225,A,ARG,219,B,CD,O,3.265914879478641,134.48348110240485,HD2
6,PRO,313,A,PRO,28,B,CB,O,3.4972274732993887,129.48602764560331,HB2
7,LYS,301,A,LEU,4,B,O,CD1,3.3129744943177526,134.1569985752651,HD13
8,GLN,299,A,TRP,13,B,O,CD1,3.458352208783836,142.71853121911982,HD1
9,GLU,315,A,LEU,30,B,OE2,CD2,3.492176971460636,148.97311866962818,HD21
10,VAL,223,A,ARG,220,B,O,CA,3.2688377139283054,131.3553171544885,HA
11,VAL,223,A,ARG,220,B,O,CG,3.3845826921497983,155.85060393653947,HG3
12,PHE,221,A,LEU,222,B,O,CD1,3.49426673280676,155.27032174588027,HD13
13,MET,239,A,MET,239,B,SD,CE,3.5888856209135427,137.20559529394018,HE2
