,Res. Name 1,Res. Number 1,Chain 1,Res. Name 2,Res. Number 2,Chain 2,Atom 1,Atom 2,Distance (Å),Theta °,H Atom
0,ARG,220,A,VAL,223,B,CA,O,3.2124912451242578 *,127.68260794369569,HA
1,ARG,220,A,VAL,223,B,CG,O,3.2835346807975117,137.07499224466122,HG3
2,LEU,222,A,PHE,221,B,CA,O,3.4614881192920386,138.5952678015344,HA
3,HIS,229,A,GLU,375,B,CB,OE1,3.535208621849631,128.69407468269753,HB2
4,TYR,236,A,SER,232,B,CE1,O,3.450043477986908,145.40054121314037,HE1
5,GLU,375,A,HIS,229,B,CB,NE2,3.5879520621100776,147.6424603381544,HB2
6,GLN,299,A,ILE,12,B,OE1,CG2,3.2389658843526044,127.54216841039596,HG21
7,GLN,299,A,TRP,13,B,O,CB,3.5888995527877365,159.10872866857824,HB2
8,GLU,308,A,PRO,15,B,OE2,CB,3.5013425996323173,145.34424359136432,HB2
9,VAL,223,A,ARG,220,B,O,CA,3.246166970443753,131.12375891506608,HA
10,VAL,223,A,ARG,220,B,O,CB,3.23125362669042,122.84119068785522,HB2
11,ASN,224,A,ARG,220,B,OD1,CB,3.4127554849417527,173.53338884398295,HB3
12,PRO,202,A,ARG,220,B,O,CD,3.1238757977871 *,128.73593681387592,HD3
13,SER,232,A,TYR,236,B,O,CE2,3.477772275466004,140.64240429270433,HE2
14,MET,239,A,MET,239,B,SD,CE,3.4213009221639683 *,130.1494167252984,HE3
15,GLY,266,A,THR,358,B,O,CG2,3.2233212685055164,130.2772917246178,HG23
