,Res. Name 1,Res. Number 1,Chain 1,Res. Name 2,Res. Number 2,Chain 2,Distance (Å),Theta °,Gamma °
0,TYR,236,A,HIS,229,B,5.317806836991703,66.08962976869198,85.24989606933794
1,TYR,236,A,TYR,236,B,4.5528535008277995,34.68886596378137,80.77611459976715
