,Res. Name 1,Res. Number 1,Chain 1,Res. Name 2,Res. Number 2,Chain 2,Atom 1,Atom 2,Distance (Å),Theta °,H Atom
0,ARG,220,A,VAL,223,B,CA,O,3.3279723556544165,143.09805925645978,HA
1,ARG,220,A,ASN,224,B,CG,OD1,3.215726978460693 *,123.27674525956344,HG2
2,ARG,220,A,PRO,202,B,CD,O,3.4552279230175156,176.88068441792635,HD3
3,ARG,220,A,ASP,203,B,CD,OD1,3.4784479297525763,116.66066550800538,HD2
4,LEU,222,A,PHE,221,B,CA,O,3.3466102252876646,149.9223550183417,HA
5,TYR,236,A,SER,232,B,CE1,O,3.4790947098347296,141.71476905447554,HE1
6,GLU,308,A,PRO,1,B,OE2,CA,3.39247697118198,135.92810274704263,HA
7,GLU,308,A,LEU,2,B,OE2,CD2,3.2201552757592196,123.95524291860296,HD21
8,VAL,223,A,ARG,220,B,O,CA,3.2038102315836414 *,129.8133618077941,HA
9,VAL,223,A,ARG,220,B,O,CB,3.3766403421152233,114.3922128468712,HB3
10,ASN,224,A,ARG,220,B,OD1,CG,3.416738210633056,135.19988191487383,HG2
11,PHE,221,A,LEU,222,B,O,CA,3.4842933286392577,148.86886650994293,HA
12,ARG,219,A,ASN,224,B,O,CA,3.4728374566051943,151.9844777076698,HA
13,GLN,379,A,ASP,228,B,OE1,CB,3.1464265445104593 *,121.66352468899234,HB2
14,LEU,2,A,LYS,275,B,O,CE,3.4266747730124596,135.47155100802362,HE2
15,LEU,2,A,GLN,305,B,O,CG,3.580516722485735,136.60322969146492,HG2
