,Res. Name 1,Res. Number 1,Chain 1,Res. Name 2,Res. Number 2,Chain 2,Distance (Å),Theta °,Gamma °
0,TYR,236,A,HIS,229,B,5.194076166386283,66.65039643328925,87.31744734443288
1,TYR,236,A,TYR,236,B,4.9175575464067816,28.131487741108934,83.91997879586647
