,Res. Name 1,Res. Number 1,Chain 1,Res. Name 2,Res. Number 2,Chain 2,Atom 1,Atom 2,Distance (Å),Theta °,H Atom
0,PRO,1,A,GLU,308,B,CA,OE2,3.1550752764395242 *,112.57953664966293,HA
1,LEU,2,A,ILE,304,B,CD1,O,3.4345450936040995,119.10688444684672,HD11
2,ARG,220,A,VAL,223,B,CA,O,3.4949391983266294,142.74953140404415,HA
3,ARG,220,A,ASN,224,B,CB,OD1,3.4883520464540316,127.5726631326704,HB2
4,ARG,220,A,ASN,224,B,CG,OD1,3.3392514131164215,118.50981357075555,HG3
5,LEU,222,A,PHE,221,B,CA,O,3.396660124298577,138.71169267516004,HA
6,ARG,225,A,ARG,219,B,CD,O,3.219332228894676 *,134.33395201099046,HD2
7,HIS,229,A,PRO,371,B,CE1,O,3.166038534193795 *,123.95749389986683,HE1
8,TYR,236,A,SER,232,B,CE1,O,3.3862368493653836,161.9229686651828,HE1
9,ILE,304,A,TRP,13,B,CG2,O,3.4040857803527804,164.79964634718857,HG22
10,LYS,301,A,LEU,4,B,O,CD1,3.472189510957027,132.40258454493068,HD11
11,VAL,223,A,ARG,220,B,O,CA,3.498485386563735,138.72064521294564,HA
12,ASN,224,A,ARG,220,B,OD1,CB,3.4261786293186756,163.8616722002761,HB2
13,PRO,202,A,ARG,220,B,O,CD,3.5444745731913447,131.13446912008237,HD3
14,PHE,221,A,LEU,222,B,O,CA,3.540875597927715,144.57614912475648,HA
15,SER,232,A,TYR,236,B,O,CE2,3.442760520280202,127.3528974569451,HE2
