,Res. Name 1,Res. Number 1,Chain 1,Res. Name 2,Res. Number 2,Chain 2,Atom 1,Atom 2,Distance (Å),Theta °,H Atom
0,LEU,2,A,LEU,270,B,CD1,O,3.1437080017075427 *,122.6618953634066,HD12
1,LEU,2,A,GLN,305,B,CD1,O,3.4195175098250346,129.9104432953969,HD13
2,ARG,19,A,GLU,308,B,CD,OE1,3.573163864140569,151.02965930063576,HD2
3,ARG,220,A,VAL,223,B,CA,O,3.4326957336763826,142.66859488452204,HA
4,ARG,220,A,ASN,224,B,CB,OD1,3.538756843864809,156.56456584261738,HB2
5,ARG,220,A,VAL,223,B,CG,O,3.4019112275307823,157.97311658392738,HG3
6,ARG,220,A,ASN,224,B,CD,OD1,3.4097653878236285,144.08886276889905,HD3
7,LEU,222,A,PHE,221,B,CA,O,3.320993827154764,141.67087619613244,HA
8,GLN,299,A,TRP,13,B,O,CD1,3.5265989281459276,144.04003283516417,HD1
9,TYR,314,A,LEU,30,B,O,CB,3.5774152680391995,155.2249993796847,HB2
10,VAL,223,A,ARG,220,B,O,CA,3.3836223193494837,140.65687798973931,HA
11,ASN,224,A,ARG,220,B,OD1,CB,3.4597543265382273,146.7465524298956,HB2
12,ASN,224,A,ARG,220,B,OD1,CD,3.514839967907494,147.70242927560565,HD3
13,PHE,221,A,LEU,222,B,O,CD1,3.3778247438255242,124.90857877012212,HD13
14,MET,374,A,HIS,229,B,O,CE1,3.3734403803832094,114.80462779297105,HE1
