,Res. Name 1,Res. Number 1,Chain 1,Res. Name 2,Res. Number 2,Chain 2,Atom 1,Atom 2,Distance (Å),Theta °,H Atom
0,ARG,220,A,VAL,223,B,CA,O,3.5785052745524863,134.89801729768,HA
1,ARG,220,A,ASN,224,B,CB,OD1,3.354608770035635,137.45589204313154,HB2
2,ARG,220,A,ASN,224,B,CD,OD1,3.5046540485474442,141.91156891572925,HD3
3,VAL,223,A,PHE,221,B,CG2,O,3.3548919505700905,125.80144635053968,HG21
4,ASN,224,A,ARG,219,B,CA,O,3.5989581825856236,139.74406908681655,HA
5,ARG,225,A,ARG,219,B,CD,O,3.27430908742592,122.58556459185482,HD2
6,GLN,227,A,ARG,378,B,CG,O,3.455734364791371,115.29075859878934,HG3
7,HIS,229,A,GLU,375,B,CB,OE1,3.5761711368445392,140.63881812586447,HB2
8,HIS,229,A,PRO,371,B,CE1,O,3.5231519978564596,113.34280350287116,HE1
9,VAL,235,A,MET,239,B,CG1,SD,3.588258630589497,116.43761241269097,HG13
10,GLU,375,A,HIS,229,B,CA,ND1,3.454895078001652,140.83050545376085,HA
11,GLN,299,A,TRP,13,B,O,CB,3.474550330618346,146.44061400203535,HB2
12,GLU,308,A,PRO,15,B,OE2,CB,3.4968271332738126,134.03810625789484,HB2
13,ASP,216,A,ARG,207,B,OD2,CG,3.479224051422953,128.53767710212045,HG3
14,VAL,223,A,ARG,220,B,O,CA,3.088122406900354 *,125.29487907423994,HA
15,VAL,223,A,ARG,220,B,O,CB,3.1376105558211016 *,115.52162817008272,HB2
16,PHE,221,A,LEU,222,B,O,CA,3.480186776596915,138.5894290107291,HA
17,ARG,219,A,ASN,224,B,O,CA,3.4525497824071962,147.54495303611782,HA
18,GLU,375,A,HIS,229,B,OE2,CD2,3.231934405274967,121.27563794769594,HD2
