,Res. Name 1,Res. Number 1,Chain 1,Res. Name 2,Res. Number 2,Chain 2,Atom 1,Atom 2,Distance (Å),Theta °,H Atom
0,PRO,1,A,GLU,308,B,CA,OE2,3.192271918242557 *,127.22504254664857,HA
1,ARG,220,A,VAL,223,B,CA,O,3.5858890111100723,146.68976813232027,HA
2,ARG,220,A,ASN,224,B,CB,OD1,3.1988435410316645 *,129.13514202184493,HB2
3,ARG,220,A,PRO,202,B,CD,O,3.4156990499749837,110.67352048903633,HD3
4,ARG,220,A,ASN,224,B,CD,OD1,3.3234169163678478,130.26409607039946,HD3
5,LEU,222,A,PHE,221,B,CA,O,3.553744504040773,151.40653446426708,HA
6,ASN,224,A,ARG,219,B,CA,O,3.588606972071475,153.00199869114672,HA
7,HIS,229,A,PRO,371,B,CE1,O,3.568346956224969,128.64033677935868,HE1
8,HIS,229,A,MET,374,B,CE1,O,3.2178253526255833 *,133.1754046074284,HE1
9,LYS,318,A,ASP,364,B,CD,OD2,3.3962626517982932,125.56016557872884,HD3
10,LYS,318,A,ASP,364,B,CE,OD2,3.285498440115298,144.5922396782925,HE2
11,LYS,318,A,GLN,367,B,CE,OE1,3.3193071566216914,116.35347987093226,HE3
12,VAL,223,A,ARG,220,B,O,CA,3.287962895167763,143.9654601986846,HA
13,ASN,224,A,ARG,220,B,OD1,CB,3.2684093990808365,139.54321653960298,HB2
14,VAL,223,A,ARG,220,B,O,CG,3.5073636823118295,152.41156539240183,HG3
15,PHE,221,A,LEU,222,B,O,CA,3.443617284194049,150.24420275682215,HA
16,SER,232,A,TYR,236,B,O,CE2,3.525705603138192,170.6791534936141,HE2
