,Res. Name 1,Res. Number 1,Chain 1,Res. Name 2,Res. Number 2,Chain 2,Atom 1,Atom 2,Distance (Å),Theta °,H Atom
0,ARG,220,A,ASN,224,B,CB,OD1,3.247860834457045,140.1360590366388,HB2
1,ARG,220,A,ASN,224,B,CD,OD1,3.433030731001401,134.81780733819463,HD3
2,LEU,222,A,PHE,221,B,CA,O,3.4372227160892503,156.99447986470858,HA
3,ILE,304,A,TRP,13,B,CG2,O,3.241928438445241,144.50455905044927,HG22
4,LYS,318,A,GLU,360,B,CD,OE1,3.2675679028904754,115.02849652740238,HD2
5,LYS,318,A,GLU,360,B,CE,OE1,3.5159209319892275,125.7328225130408,HE3
6,GLU,375,A,HIS,229,B,CA,ND1,3.468861484694944,142.00791949313026,HA
7,GLU,375,A,HIS,229,B,CB,NE2,3.4922485593096027,134.02869451732155,HB2
8,GLY,274,A,LEU,2,B,O,CD1,3.4623691311008398,121.69656310956063,HD12
9,PRO,313,A,LEU,30,B,O,CD2,3.1817290896617876 *,116.15979292420522,HD21
10,ASP,292,A,THR,31,B,OD1,CB,3.588384037418513,119.5628375334083,HB
11,VAL,223,A,ARG,220,B,O,CA,3.1677910284613207 *,122.3048586946625,HA
12,VAL,223,A,ARG,220,B,O,CB,3.121618170116256 *,117.84342395333141,HB2
13,PRO,202,A,ARG,220,B,O,CD,3.5469000549775846,133.45766996515815,HD3
14,PHE,221,A,LEU,222,B,O,CA,3.5522809573568317,144.3465160209427,HA
15,MET,374,A,HIS,229,B,O,CE1,3.323943441155393,113.14567558787911,HE1
