,Res. Name 1,Res. Number 1,Chain 1,Res. Name 2,Res. Number 2,Chain 2,Atom 1,Atom 2,Distance (Å),Theta °,H Atom
0,ARG,220,A,VAL,223,B,CA,O,3.198593440873658 *,138.07900509204492,HA
1,ARG,220,A,ASN,224,B,CB,OD1,3.4733701213662793,151.7514458511657,HB2
2,ARG,220,A,VAL,223,B,CG,O,3.502199309005695,151.3602888728022,HG3
3,ARG,220,A,ASN,224,B,CD,OD1,3.482958512529255,139.49878190269467,HD3
4,LEU,222,A,PHE,221,B,CA,O,3.4745647209398656,138.4442428083176,HA
5,SER,232,A,ASN,240,B,CB,OD1,3.4921912891478355,115.08380061511868,HB3
6,TYR,236,A,SER,232,B,CE1,O,3.311827290182872,116.0244457428261,HE1
7,GLU,375,A,HIS,229,B,CB,ND1,3.5448272172279425,164.57752963710814,HB2
8,TYR,314,A,LEU,30,B,O,CD1,3.3546385796386513,110.11487531830049,HD11
9,VAL,223,A,ARG,220,B,O,CA,3.542061546613775,143.49484089063452,HA
10,ASN,224,A,ARG,220,B,OD1,CB,3.4306413394582695,126.28690618979188,HB2
11,VAL,223,A,ARG,220,B,O,CG,3.5804748288460315,138.71928309486103,HG3
12,PHE,221,A,LEU,222,B,O,CA,3.3193674096128585,141.92899718389995,HA
13,PHE,221,A,LEU,222,B,O,CG,3.354578960167726,152.82735124341326,HG
14,ARG,219,A,ASN,224,B,O,CA,3.5536600850390805,142.38360760921918,HA
15,PRO,371,A,HIS,229,B,O,CE1,3.200765533431029 *,137.6177659863316,HE1
