,Res. Name 1,Res. Number 1,Chain 1,Res. Name 2,Res. Number 2,Chain 2,Atom 1,Atom 2,Distance (Å),Theta °,H Atom
0,LEU,4,A,LYS,301,B,CD1,O,3.446824625651847,110.98132036812267,HD12
1,ARG,220,A,VAL,223,B,CA,O,3.2391819955044197,143.2628444656672,HA
2,ARG,220,A,ASN,224,B,CB,OD1,3.4783473087085564,153.07689574555278,HB2
3,ARG,220,A,VAL,223,B,CG,O,3.503783669121138,146.4451559194567,HG3
4,LEU,222,A,PHE,221,B,CA,O,3.434210244000802,146.16264679170402,HA
5,ASN,224,A,ARG,219,B,CA,O,3.539915253222879,135.46993143640853,HA
6,ARG,225,A,ARG,219,B,CB,O,3.5499014070816135,135.5948625427048,HB2
7,GLN,227,A,GLN,379,B,CG,OE1,3.0086209465467766 *,125.89855355682523,HG3
8,TYR,236,A,SER,232,B,CE1,O,3.4077118422777493,166.76964869721436,HE1
9,LYS,318,A,GLN,367,B,CE,OE1,3.3477753807565946,131.8315265642624,HE2
10,MET,374,A,HIS,229,B,CB,NE2,3.4726934791311503,138.10647784246868,HB3
11,ARG,378,A,GLN,227,B,CG,O,3.1418625049482967 *,119.11085108378255,HG2
12,GLU,308,A,PRO,15,B,OE2,CB,3.4160942609945604,119.67726945989195,HB2
13,VAL,223,A,ARG,220,B,O,CA,3.5214485655763887,144.07708483910295,HA
14,PRO,202,A,ARG,220,B,O,CD,3.370192872818999,151.01564677937787,HD3
15,PHE,221,A,LEU,222,B,O,CA,3.3256277602882736,135.6760834341482,HA
16,ARG,219,A,ASN,224,B,O,CA,3.5416662745097893,145.3618341092863,HA
17,GLN,379,A,ASP,228,B,OE1,CA,3.3072949671899554,141.40968411871162,HA
18,ASN,224,A,MET,239,B,O,CE,3.3837848631377305,114.6396269267876,HE1
