,Res. Name 1,Res. Number 1,Chain 1,Res. Name 2,Res. Number 2,Chain 2,Distance (Å),Theta °,Gamma °
0,TYR,236,A,HIS,229,B,5.490521236134545,68.44063181889709,84.06620566060396
1,TYR,236,A,TYR,236,B,4.863355894395927,29.996151245279417,79.8796065257622
