,Res. Name 1,Res. Number 1,Chain 1,Res. Name 2,Res. Number 2,Chain 2,Atom 1,Atom 2,Distance (Å),Theta °,H Atom
0,ARG,220,A,VAL,223,B,CA,O,3.4515069172754,130.67194849466208,HA
1,ARG,220,A,ASN,224,B,CB,OD1,3.492506263416,136.42293447161356,HB2
2,GLN,305,A,LEU,2,B,CG,O,3.5439102697444276,139.4897809121278,HG2
3,LYS,318,A,GLU,360,B,CD,OE1,3.5612076603309757,126.36293229735917,HD2
4,GLY,274,A,LEU,2,B,O,CD1,3.5526891223409884,151.61650497329765,HD12
5,GLN,316,A,ILE,12,B,OE1,CG2,3.2652150005780642,122.27312307300221,HG21
6,GLU,308,A,PRO,15,B,OE2,CB,3.5939393428381634,112.10171812974737,HB2
7,VAL,223,A,ARG,220,B,O,CA,3.5605055820767872,130.06307674476918,HA
8,ASN,224,A,ARG,220,B,OD1,CG,3.24214435212253,116.80608062196559,HG2
9,PHE,221,A,LEU,222,B,O,CA,3.470129680573911,142.20401316221512,HA
