,Res. Name 1,Res. Number 1,Chain 1,Res. Name 2,Res. Number 2,Chain 2,Distance (Å),Theta °,Gamma °
0,TYR,236,A,HIS,229,B,5.2229390725486775,61.810260278170375,84.35154458140745
1,TYR,236,A,TYR,236,B,4.40235606112101,31.519250741906983,79.2226673870279
