,Res. Name 1,Res. Number 1,Chain 1,Res. Name 2,Res. Number 2,Chain 2,Atom 1,Atom 2,Distance (Å),Theta °,H Atom
0,ARG,220,A,ASN,224,B,CB,OD1,3.304073243740214,146.0320483399393,HB2
1,LEU,222,A,PHE,221,B,CA,O,3.574730759092212,140.48240630832723,HA
2,LEU,222,A,PHE,221,B,CD1,O,3.441511295927998,131.6817862751654,HD13
3,GLN,305,A,LEU,2,B,CG,O,3.3998088181543404,132.10743402102648,HG2
4,PRO,313,A,PRO,28,B,CA,O,3.2447804240040727,118.2562343015831,HA
5,LYS,318,A,GLU,360,B,CE,OE2,3.2992574922245725,124.42935881096666,HE3
6,LYS,301,A,LEU,4,B,O,CD1,3.580097764028233,119.15291773454074,HD11
7,GLU,308,A,PRO,15,B,OE2,CG,3.5710222626021304,113.19332389044158,HG2
8,VAL,223,A,ARG,220,B,O,CA,3.387683574361698,134.67598241123468,HA
9,ASN,224,A,ARG,220,B,OD1,CB,3.3207679834640693,126.84738780017432,HB2
10,VAL,223,A,ARG,220,B,O,CG,3.3989704323515397,154.84277075392336,HG3
11,PRO,202,A,ARG,220,B,O,CD,3.4073156589902243,120.05544986530866,HD3
12,ASN,224,A,ARG,220,B,OD1,CD,3.506722116164898,139.83002439163263,HD3
13,PHE,221,A,LEU,222,B,O,CA,3.584326994011568,141.04676389353773,HA
14,ARG,219,A,ASN,224,B,O,CA,3.5775410549705784,147.46262504726832,HA
15,SER,232,A,TYR,236,B,O,CE1,3.5613761385172373,119.20374904867947,HE1
16,SER,232,A,TYR,236,B,O,CZ,3.487133493286419,141.15386650361611,HH
