,Res. Name 1,Res. Number 1,Chain 1,Res. Name 2,Res. Number 2,Chain 2,Distance (Å),Theta °,Gamma °
0,TYR,236,A,HIS,229,B,5.177582822986888,57.4727439086173,83.57172748340147
1,TYR,236,A,TYR,236,B,5.201477087221377,14.400844044772871,84.2136259578976
