,Res. Name 1,Res. Number 1,Chain 1,Res. Name 2,Res. Number 2,Chain 2,Atom 1,Atom 2,Distance (Å),Theta °,H Atom
0,PRO,1,A,GLU,308,B,CA,OE1,3.2965588118521465,122.8177003629466,HA
1,LEU,2,A,GLU,308,B,CD2,OE1,3.580726183332085,153.2732249772423,HD22
2,ARG,220,A,ASN,224,B,CB,OD1,3.298620923962011,142.23657389952342,HB2
3,LEU,222,A,PHE,221,B,CA,O,3.5132036661713704,140.66683738296194,HA
4,LEU,222,A,PHE,221,B,CD1,O,3.40277827664395,147.9103295916414,HD13
5,ARG,225,A,ARG,219,B,CD,O,3.512278462764589,154.23281662844903,HD2
6,ILE,304,A,TRP,13,B,CG2,O,3.3259735416867113,129.59752922549455,HG23
7,LYS,318,A,GLU,360,B,CD,OE1,3.59990277646494,118.10984134037949,HD2
8,LYS,318,A,ASP,364,B,CE,OD2,2.92111280165625 *,113.73529666975888,HE2
9,GLN,299,A,TRP,13,B,O,CD1,3.4282502825785652,155.39896978986997,HD1
10,ASP,267,A,TRP,13,B,OD2,CZ2,3.348940130847372,125.37892620235463,HZ2
11,TYR,314,A,LEU,30,B,O,CD1,3.097773393907305 *,113.74474683069369,HD13
12,VAL,223,A,ARG,220,B,O,CA,3.374314745248292,139.02901404737977,HA
13,ASN,224,A,ARG,220,B,OD1,CB,3.4796838936892023,127.15370172141505,HB2
14,VAL,223,A,ARG,220,B,O,CG,3.2583891725820635,120.60013271655082,HG3
15,ASN,224,A,ARG,220,B,OD1,CG,3.410996921722445,115.07097771850546,HG3
16,PRO,202,A,ARG,220,B,O,CD,3.310015105705714,123.1044232903975,HD3
17,PHE,221,A,LEU,222,B,O,CD1,3.541426266350894,171.60251393419043,HD13
18,ARG,219,A,ASN,224,B,O,CA,3.51792552507867,132.3710193426047,HA
19,SER,232,A,TYR,236,B,O,CE1,3.5992499218587204,116.33138789136007,HE1
20,SER,232,A,TYR,236,B,O,CZ,3.4900000000000024,118.97057579291697,HH
