,Res. Name 1,Res. Number 1,Chain 1,Res. Name 2,Res. Number 2,Chain 2,Atom 1,Atom 2,Distance (Å),Theta °,H Atom
0,ARG,220,A,VAL,223,B,CA,O,3.4865885905853613,128.454556408483,HA
1,ARG,220,A,ASN,224,B,CB,OD1,3.5148968690418214,146.329175246605,HB2
2,ARG,220,A,VAL,223,B,CG,O,3.5488730605644414,144.91358498724387,HG3
3,LEU,222,A,PHE,221,B,CA,O,3.5612076603309797,152.00555493257679,HA
4,LEU,222,A,PHE,221,B,CD2,O,3.4773121804060185,163.84929716286774,HD21
5,GLN,305,A,LEU,2,B,CG,O,3.518479785361849,129.5645381152377,HG3
6,PRO,313,A,PRO,28,B,CA,O,3.5844525383941157,135.75437281778218,HA
7,LYS,301,A,LEU,4,B,O,CD1,3.5308497560785606,164.90112535753258,HD13
8,GLN,299,A,TRP,13,B,O,CD1,3.5064939754689526,154.29553614668785,HD1
9,TYR,314,A,LYS,29,B,O,CA,3.4433849625041995,118.1411439135581,HA
10,TYR,314,A,LYS,29,B,O,CB,3.176255657216531 *,122.6941688814496,HB3
11,VAL,223,A,ARG,220,B,O,CA,3.2822705555758165,131.7403857135172,HA
12,VAL,223,A,ARG,220,B,O,CG,3.4787641483722345,152.14240867670728,HG3
13,PRO,202,A,ARG,220,B,O,CD,3.4365680554879137,123.51022611401368,HD3
14,SER,232,A,TYR,236,B,O,CE1,3.435433014919656,124.67670972591168,HE1
15,SER,232,A,TYR,236,B,O,CZ,3.5675481776704827,136.87889690953475,HH
