,Res. Name 1,Res. Number 1,Chain 1,Res. Name 2,Res. Number 2,Chain 2,Atom 1,Atom 2,Distance (Å),Theta °,H Atom
0,ARG,220,A,VAL,223,B,CA,O,3.4909311078851153,138.29486566704446,HA
1,LEU,222,A,PHE,221,B,CA,O,3.5611655395389916,143.81928338239476,HA
2,LEU,222,A,PHE,221,B,CD2,O,3.582108317736922,154.01406915636787,HD23
3,TYR,236,A,SER,232,B,CE1,O,3.562372804746862,128.93898031400485,HE1
4,TYR,236,A,HIS,229,B,CE2,NE2,3.556191783354771,131.36022136125308,HE2
5,LYS,318,A,GLN,367,B,CE,OE1,3.27626311519695,125.05661559469961,HE3
6,ASP,267,A,TRP,13,B,OD1,CZ2,3.3285582464484555,134.77572682202873,HZ2
7,TYR,314,A,LEU,30,B,O,CG,3.4429783618257015,132.73426583900536,HG
8,VAL,223,A,ARG,220,B,O,CA,3.176696397202595 *,122.32228261168582,HA
9,VAL,223,A,ARG,220,B,O,CB,3.270122321871147,125.2313311642088,HB2
10,PRO,202,A,ARG,220,B,O,CD,3.5101424472519662,127.0026831303952,HD3
11,MET,374,A,HIS,229,B,O,CE1,3.3880968108954628,124.38746157759401,HE1
