,Res. Name 1,Res. Number 1,Chain 1,Res. Name 2,Res. Number 2,Chain 2,Atom 1,Atom 2,Distance (Å),Theta °,H Atom
0,ARG,220,A,VAL,223,B,CA,O,3.381789467131279,153.05285362291838,HA
1,ARG,220,A,ASN,224,B,CB,OD1,3.402631334717294,146.75708583187966,HB2
2,LEU,222,A,PHE,221,B,CA,O,3.4683281274988924,144.89442726381748,HA
3,LEU,222,A,PHE,221,B,CD2,O,3.556304261448958,128.13900615614645,HD23
4,ASN,224,A,ARG,219,B,CA,O,3.440145345766655,146.14825383035182,HA
5,GLN,305,A,LEU,2,B,CG,O,3.5029987153865747,150.37322178775105,HG2
6,PRO,313,A,PRO,28,B,CB,O,3.531713465161067,123.14607153128259,HB2
7,LYS,318,A,ASP,364,B,CE,OD2,3.5245708958680297,128.46439291679798,HE3
8,GLU,375,A,HIS,229,B,CA,ND1,3.581591824873393,133.9527615737937,HA
9,GLN,305,A,LEU,2,B,O,CD1,3.3535056284431737,145.81968785112576,HD13
10,GLN,305,A,LEU,2,B,O,CD2,3.4958546880555623,138.5860706595789,HD23
11,ASP,267,A,TRP,13,B,OD2,CZ2,3.393655845839409,139.91122353573468,HZ2
12,ASP,216,A,ARG,207,B,OD2,CG,3.41634307410717,111.67464380953814,HG2
13,VAL,223,A,ARG,220,B,O,CA,3.3721951307716496,151.72042836035115,HA
14,ARG,219,A,ASN,224,B,O,CA,3.598388528216483,150.06099753163167,HA
15,MET,374,A,HIS,229,B,O,CE1,3.080551898605182 *,118.23861711847414,HE1
