,Res. Name 1,Res. Number 1,Chain 1,Res. Name 2,Res. Number 2,Chain 2,Atom 1,Atom 2,Distance (Å),Theta °,H Atom
0,LEU,2,A,GLN,305,B,CD1,O,3.291170004724757,121.82672865003342,HD11
1,ILE,12,A,GLN,299,B,CG2,OE1,3.433336569577766,126.36398533782511,HG23
2,PRO,15,A,GLU,308,B,CG,OE2,3.5049821682855944,136.39832905495345,HG2
3,ARG,220,A,VAL,223,B,CA,O,3.425799176834511,140.05935988195986,HA
4,ARG,220,A,ASN,224,B,CB,OD1,3.5463784344031883,149.46198024429322,HB2
5,ARG,220,A,VAL,223,B,CG,O,3.5744929710379885,145.24752302993136,HG3
6,LEU,222,A,PHE,221,B,CA,O,3.477772275466007,140.9753605608479,HA
7,LEU,222,A,PHE,221,B,CD1,O,3.0934931711578093 *,114.05190202110741,HD12
8,TYR,236,A,HIS,229,B,CE2,NE2,3.5564167359858203,125.19827613362065,HE2
9,GLN,305,A,LEU,2,B,CG,O,3.3611010100858283,142.45636610337243,HG2
10,PRO,313,A,PRO,28,B,CB,O,3.441467710149257,142.98706956956724,HB2
11,GLY,274,A,LEU,2,B,O,CD1,3.1792137392757946 *,128.63777742479104,HD12
12,GLN,305,A,LEU,2,B,O,CD2,3.3963657046908255,143.40548882198007,HD22
13,LYS,301,A,LEU,4,B,O,CD1,3.511196377305035,112.29579619184857,HD12
14,PRO,313,A,LEU,30,B,O,CD2,3.5329874044496705,131.68153501093556,HD22
15,VAL,223,A,ARG,220,B,O,CA,3.311283738974962,112.10693910043248,HA
16,VAL,223,A,ARG,220,B,O,CB,3.2361087744388377,139.28129437708157,HB2
17,PRO,202,A,ARG,220,B,O,CD,3.247352768025057,121.65204956933908,HD3
18,PHE,221,A,LEU,222,B,O,CA,3.4491448215463487,137.6406277137665,HA
19,PHE,221,A,LEU,222,B,O,CG,3.253075467922626,145.00023561917607,HG
20,MET,374,A,HIS,229,B,O,CE1,3.3823216878351428,123.04535481274928,HE1
21,SER,232,A,TYR,236,B,O,CE2,3.574017347467695,161.18238481911825,HE2
22,HIS,229,A,TRP,317,B,ND1,CH2,3.397705107863251,127.90566835034123,HH2
