,Res. Name 1,Res. Number 1,Chain 1,Res. Name 2,Res. Number 2,Chain 2,Atom 1,Atom 2,Distance (Å),Theta °,H Atom
0,ARG,220,A,VAL,223,B,CA,O,3.4354912312506327,141.37824798716395,HA
1,ARG,220,A,ASN,224,B,CB,OD1,3.552942442539707,157.13698913099066,HB2
2,ARG,220,A,ASN,224,B,CD,OD1,3.593062760375889,135.92954154609475,HD3
3,LEU,222,A,PHE,221,B,CA,O,3.5244999645339807,156.11012300717633,HA
4,LEU,222,A,PHE,221,B,CD2,O,3.3138799012637747,131.77648454932572,HD23
5,TYR,236,A,SER,232,B,CE1,O,3.519289701061855,125.24234383269685,HE1
6,TYR,236,A,HIS,229,B,CE2,NE2,3.4850681485445865,132.85669796390553,HE2
7,GLY,274,A,LEU,2,B,O,CD1,3.387314570570622,123.04488041173163,HD13
8,GLU,308,A,LEU,2,B,O,CD2,3.544601529086169,114.49887044052211,HD22
9,LYS,301,A,LEU,4,B,O,CD1,3.5375697872974885,116.06411502398196,HD11
10,GLN,299,A,TRP,13,B,O,CD1,3.366986783460844,167.36972453988906,HD1
11,VAL,223,A,ARG,220,B,O,CA,3.023011743278539 *,127.10965197445815,HA
12,VAL,223,A,ARG,220,B,O,CB,3.0775314783117964 *,111.65676655399245,HB2
13,PRO,202,A,ARG,220,B,O,CD,3.43634980757198,116.72897181368864,HD3
14,PHE,221,A,LEU,222,B,O,CD1,3.5954693713060615,158.1048999502509,HD13
15,ARG,219,A,ASN,224,B,O,CA,3.4723191097593555,148.22067352468665,HA
16,MET,374,A,HIS,229,B,O,CE1,3.169574103882098 *,123.53480811516123,HE1
