,Res. Name 1,Res. Number 1,Chain 1,Res. Name 2,Res. Number 2,Chain 2,Atom 1,Atom 2,Distance (Å),Theta °,H Atom
0,LEU,2,A,GLN,305,B,CD2,O,3.074052699613331 *,111.62684201475734,HD23
1,ARG,220,A,VAL,223,B,CA,O,3.340434103526076,145.03836602931423,HA
2,ARG,220,A,ASN,224,B,CB,OD1,3.421388606984022,142.30425908090237,HB2
3,ARG,220,A,ASN,224,B,CD,OD1,3.499785707725547,137.20695540497476,HD3
4,LEU,222,A,PHE,221,B,CA,O,3.519715897625831,149.32179053657956,HA
5,SER,232,A,ASN,240,B,CB,OD1,3.1296804948748345 *,126.87920626727724,HB3
6,TYR,236,A,SER,232,B,CE1,O,3.461170322304295,135.36697273316113,HE1
7,LYS,301,A,LEU,4,B,O,CD1,3.5344730866141925,128.5248788889821,HD11
8,VAL,223,A,ARG,220,B,O,CA,3.4034100546363764,137.5062283606368,HA
9,VAL,223,A,ARG,220,B,O,CG,3.4981423641698783,152.3694321263539,HG3
10,PRO,202,A,ARG,220,B,O,CD,3.5323929566230317,136.3779529842525,HD3
11,ARG,219,A,ASN,224,B,O,CA,3.381567683782181,147.1181323219384,HA
12,SER,232,A,TYR,236,B,O,CE2,3.4795976778932354,159.67801129774412,HE2
