,Res. Name 1,Res. Number 1,Chain 1,Res. Name 2,Res. Number 2,Chain 2,Distance (Å),Theta °,Gamma °
0,TYR,236,A,HIS,229,B,5.103226800542758,71.59348447711295,87.26650473429896
1,TYR,236,A,TYR,236,B,4.72357356481532,29.917843112344823,81.26231713266422
