,Res. Name 1,Res. Number 1,Chain 1,Res. Name 2,Res. Number 2,Chain 2,Atom 1,Atom 2,Distance (Å),Theta °,H Atom
0,PRO,1,A,GLU,308,B,CA,OE1,3.146331196806843 *,147.63002692367493,HA
1,LEU,2,A,GLU,308,B,CA,OE2,3.503740857997349,115.34500107012325,HA
2,ARG,220,A,VAL,223,B,CA,O,3.429416860050692,135.6803423434943,HA
3,ARG,220,A,ASN,224,B,CB,OD1,3.473744377469367,160.57398714368804,HB2
4,LEU,222,A,PHE,221,B,CA,O,3.1971706241613043 *,134.71750437089946,HA
5,ASN,224,A,ARG,219,B,CA,O,3.5304815535561134,145.11293408442876,HA
6,HIS,229,A,GLU,375,B,CA,OE1,3.345100895339329,115.30599310999901,HA
7,HIS,229,A,GLU,375,B,CB,OE1,3.285391909650961,132.79901458098084,HB2
8,HIS,229,A,PRO,371,B,CE1,O,3.021224917148676 *,111.7867155211711,HE1
9,TYR,236,A,HIS,229,B,CE2,NE2,3.359092139254291,131.5374499867489,HE2
10,GLN,305,A,LEU,2,B,CG,O,3.42322946937538,138.51053774392344,HG2
11,LYS,318,A,GLU,360,B,CD,OE1,3.5430213095605336,123.49273759242283,HD2
12,GLU,375,A,HIS,229,B,CB,ND1,3.5495351808370623,131.68527184479163,HB2
13,GLN,299,A,TRP,13,B,O,CB,3.4985282619981724,146.41367626636853,HB2
14,GLN,299,A,TRP,13,B,O,CD1,3.275622078323437,152.48367698672587,HD1
15,GLU,308,A,PRO,15,B,OE2,CB,3.5379655170733373,113.13050600729969,HB3
16,TYR,314,A,LEU,30,B,O,CD1,3.475442417880052,163.76296753241778,HD11
17,PRO,313,A,LEU,30,B,O,CD2,3.4998428536150055,115.73978486420832,HD23
18,VAL,223,A,ARG,220,B,O,CA,3.1348046191110575 *,132.10071463327705,HA
19,VAL,223,A,ARG,220,B,O,CB,3.3872112423053893,114.86961951816953,HB2
20,PRO,202,A,ARG,220,B,O,CD,3.2598466221587774,140.53682766400954,HD3
21,PHE,221,A,LEU,222,B,O,CA,3.4086214222174887,147.50506739459692,HA
22,GLU,375,A,HIS,229,B,OE2,CB,3.2859853925420923,125.33792057204323,HB3
23,SER,232,A,TYR,236,B,O,CE2,3.411656489155969,161.23160692917318,HE2
24,GLN,227,A,ARG,378,B,O,CD,3.3761960843529177,114.54943733112825,HD3
