,Res. Name 1,Res. Number 1,Chain 1,Res. Name 2,Res. Number 2,Chain 2,Atom 1,Atom 2,Distance (Å),Theta °,H Atom
0,PRO,1,A,GLU,308,B,CD,OE1,2.933189390407653 *,115.53066010769277,HD2
1,PRO,1,A,GLN,305,B,CA,OE1,3.396189040674855,131.48493418398064,HA
2,PRO,1,A,GLU,308,B,CA,OE2,3.404423592915546,121.25779878433589,HA
3,LEU,2,A,GLN,305,B,CD2,OE1,3.4814221232134446,130.1639431408028,HD23
4,ARG,220,A,ASN,224,B,CB,OD1,3.5886905689958812,134.6642864222669,HB2
5,ARG,220,A,ASN,224,B,CD,OD1,3.5493238792761637,143.09609326130206,HD3
6,LEU,222,A,PHE,221,B,CA,O,3.285391909650962,143.48096438928445,HA
7,LEU,222,A,PHE,221,B,CD2,O,3.4383280820770916,155.74375569186404,HD22
8,SER,232,A,ASN,240,B,CB,OD1,3.410366549214318,115.96403449484215,HB3
9,TYR,236,A,SER,232,B,CE1,O,3.3815676837821846,136.743720440217,HE1
10,GLN,305,A,LEU,2,B,O,CD2,3.5790222128397167,152.00015455238378,HD23
11,LYS,301,A,LEU,4,B,O,CD1,3.5822339398760654,143.6561018085883,HD12
12,TYR,314,A,LEU,30,B,O,CD1,3.559676951634794,113.44080771573155,HD13
13,VAL,223,A,ARG,220,B,O,CA,3.4917903717147736,141.41655259103675,HA
14,ASN,224,A,ARG,220,B,OD1,CB,3.4786922830282068,138.2646346112135,HB2
15,PRO,202,A,ARG,220,B,O,CD,3.4807614109559486,130.64780899455312,HD3
16,ASN,240,A,SER,232,B,OD1,CB,3.4174844549756194,124.72712863814007,HB3
