,Res. Name 1,Res. Number 1,Chain 1,Res. Name 2,Res. Number 2,Chain 2,Atom 1,Atom 2,Distance (Å),Theta °,H Atom
0,LEU,2,A,GLU,308,B,CD2,O,3.415523385954187,122.01222741271737,HD23
1,ARG,220,A,VAL,223,B,CA,O,3.183991206018006 *,135.77873222455545,HA
2,ARG,220,A,VAL,223,B,CG,O,3.232305678613949,146.79781000104185,HG3
3,LEU,222,A,PHE,221,B,CA,O,3.3180265218952067,143.72320118012368,HA
4,LEU,222,A,PHE,221,B,CD1,O,3.4946959810547176,155.30827176790194,HD11
5,ARG,225,A,ARG,219,B,CD,O,3.49071625887868,126.03926701250828,HD2
6,PRO,313,A,LYS,29,B,CG,O,3.3615621368643436,125.67439242728209,HG2
7,PRO,313,A,LYS,29,B,CB,O,3.3646693745448353,113.3808405415471,HB3
8,GLU,375,A,HIS,229,B,CA,ND1,3.530566526777257,125.11224798209703,HA
9,LYS,301,A,LEU,4,B,O,CD1,3.4610547525284763,117.0024146898156,HD11
10,GLN,299,A,TRP,13,B,O,CD1,3.285452784624962,155.1202262321821,HD1
11,TYR,314,A,LEU,30,B,O,CD1,3.413341471344471,175.8296428905862,HD12
12,VAL,223,A,ARG,220,B,O,CA,3.1177074910902087 *,117.37256268471253,HA
13,VAL,223,A,ARG,220,B,O,CB,3.19358732462414 *,125.7987368230196,HB2
14,ASN,224,A,ARG,220,B,OD1,CB,3.5056240528613456,157.36198724864644,HB3
15,PRO,202,A,ARG,220,B,O,CD,3.1714350064284798 *,129.77304070350291,HD3
16,PHE,221,A,VAL,223,B,O,CB,3.5665249193016964,112.42918389270689,HB
17,ARG,219,A,ARG,225,B,O,CA,3.581145068270763,115.36750702503902,HA
18,GLU,3,A,ILE,304,B,O,CG2,3.583322480603727,115.77261444121757,HG23
