,Res. Name 1,Res. Number 1,Chain 1,Res. Name 2,Res. Number 2,Chain 2,Distance (Å),Theta °,Gamma °
0,TYR,236,A,HIS,229,B,5.38972088537264,70.98490579552873,86.58723153866168
1,TYR,236,A,TYR,236,B,4.68730377367061,43.095807412740776,79.72383668918339
