,Res. Name 1,Res. Number 1,Chain 1,Res. Name 2,Res. Number 2,Chain 2,Atom 1,Atom 2,Distance (Å),Theta °,H Atom
0,ARG,220,A,VAL,223,B,CA,O,3.210202485825464 *,142.03857786785335,HA
1,ARG,220,A,ASN,224,B,CD,OD1,3.5277613297954225,154.9409470127531,HD3
2,LEU,222,A,PHE,221,B,CG,O,3.2666955781033535,137.91741538858324,HG
3,LEU,222,A,PHE,221,B,CD1,O,3.5656275744951293,112.58189218703333,HD12
4,HIS,229,A,GLU,375,B,CB,OE2,3.3275516524916644,142.6258413497665,HB3
5,TYR,236,A,SER,232,B,CE1,O,3.5337515475765975,147.6855933779966,HE1
6,TYR,236,A,HIS,229,B,CE2,NE2,3.5229533065313188,129.03356642996258,HE2
7,MET,374,A,HIS,229,B,CB,NE2,3.4263245613922795,115.74544069787213,HB3
8,GLN,305,A,LEU,2,B,O,CD2,3.216022387981775 *,123.54681459138747,HD21
9,ASP,292,A,LEU,30,B,OD2,CA,3.5786869100271956,137.53733144037557,HA
10,VAL,223,A,ARG,220,B,O,CA,3.4484779251142084,133.97909895374883,HA
11,ASN,224,A,ARG,220,B,OD1,CG,3.0583982736066284 *,112.90388097732011,HG3
12,ASN,224,A,ARG,220,B,OD1,CD,3.510299132552668,114.4048376316518,HD3
13,PHE,221,A,LEU,222,B,O,CA,3.2543509337500813,139.34000224367114,HA
14,ARG,219,A,ASN,224,B,O,CA,3.562709642954363,147.17094233022485,HA
15,GLN,379,A,ASP,228,B,OE1,CA,3.3001363608190517,130.25411814805926,HA
16,SER,232,A,TYR,236,B,O,CE1,3.419151941636989,157.33025316038066,HE1
17,LEU,2,A,GLN,305,B,O,CG,3.4954827992710866,137.99975488912122,HG2
