,Res. Name 1,Res. Number 1,Chain 1,Res. Name 2,Res. Number 2,Chain 2,Atom 1,Atom 2,Distance (Å),Theta °,H Atom
0,ARG,220,A,VAL,223,B,CA,O,3.256516543793381,132.36142196201072,HA
1,ARG,220,A,ASN,224,B,CB,OD1,3.4681551291717057,139.89577629786672,HB2
2,ARG,220,A,VAL,223,B,CG,O,3.2102647865869294 *,112.01014930582875,HG2
3,ARG,220,A,ASN,224,B,CG,OD1,3.445344685223822,137.10346917285685,HG3
4,GLN,227,A,GLN,379,B,CG,OE1,3.187854137190089 *,114.71990448493418,HG2
5,GLN,305,A,LEU,2,B,CG,O,3.4858858271607143,148.2917196057497,HG2
6,ARG,378,A,HIS,229,B,CB,ND1,3.502070815960182,111.47793528932257,HB3
7,ARG,378,A,HIS,229,B,CG,ND1,3.5944540614674727,134.00909940458882,HG2
8,GLN,305,A,LEU,2,B,O,CD2,3.5846617692608067,151.5159423899402,HD21
9,ASP,292,A,LEU,30,B,OD2,CA,3.554785506890677,136.06715555436742,HA
10,ASP,292,A,LEU,30,B,O,CD2,3.526613106083516,163.52414241450475,HD23
11,VAL,223,A,ARG,220,B,O,CA,3.553266103178879,136.8099239657681,HA
12,ASN,224,A,ARG,220,B,OD1,CG,3.4965125482400308,123.30331031896024,HG2
13,PRO,202,A,ARG,220,B,O,CD,3.4216078092031545,154.46147173626986,HD3
14,ARG,219,A,ASN,224,B,O,CA,3.420029239641081,142.52171499706625,HA
15,GLN,379,A,ASP,228,B,OE1,CA,3.374581455528965,140.77638785367796,HA
