,Res. Name 1,Res. Number 1,Chain 1,Res. Name 2,Res. Number 2,Chain 2,Distance (Å),Theta °,Gamma °
0,TYR,236,A,HIS,229,B,5.025628274709092,59.86287492604204,81.58988884556958
1,TYR,236,A,TYR,236,B,4.272727466150872,37.05008019064455,80.73533604938568
