,Res. Name 1,Res. Number 1,Chain 1,Res. Name 2,Res. Number 2,Chain 2,Atom 1,Atom 2,Distance (Å),Theta °,H Atom
0,PRO,1,A,GLU,308,B,CA,OE1,3.180848943285417 *,112.74010543735916,HA
1,LEU,4,A,ILE,304,B,CD2,O,3.555854327724904,161.70353300794787,HD22
2,ARG,220,A,VAL,223,B,CA,O,3.4354766772603735,144.8513128548594,HA
3,ARG,220,A,PRO,202,B,CD,O,3.5020850931980516,125.93519770581764,HD3
4,LEU,222,A,PHE,221,B,CA,O,3.3709939187130016,150.38209909838088,HA
5,LEU,222,A,PHE,221,B,CD2,O,3.4237552482617737,156.1012064572699,HD21
6,ASN,224,A,ARG,219,B,CA,O,3.5128905476829217,134.05047421154913,HA
7,ARG,225,A,ARG,219,B,CD,O,3.4183182999832002,138.17009072936457,HD2
8,TYR,236,A,SER,232,B,CE1,O,3.560603881366197,127.78455603659863,HE1
9,PRO,313,A,PRO,28,B,CB,O,3.4653426958960334,140.4761536514626,HB2
10,LYS,318,A,GLU,360,B,CE,OE1,3.2714064253773225,141.3941811970261,HE3
11,LYS,301,A,LEU,4,B,O,CD1,3.5473652194269536,147.76083851776494,HD13
12,GLU,308,A,PRO,15,B,OE2,CB,3.4486664089180956,129.13873683412368,HB2
13,PRO,313,A,LEU,30,B,O,CD1,3.3666897688976283,117.39301650057897,HD13
14,VAL,223,A,ARG,220,B,O,CA,3.2336511871257856,146.62806905403218,HA
15,ASN,224,A,ARG,220,B,OD1,CB,3.597638114096521,137.40935762219203,HB2
16,VAL,223,A,ARG,220,B,O,CG,3.575583868405271,145.36600900738955,HG3
17,PRO,202,A,ARG,220,B,O,CD,3.415903979915126,127.5126984611221,HD3
18,ASN,224,A,ARG,220,B,OD1,CD,3.4410172914415877,145.69549202130744,HD3
19,PHE,221,A,LEU,222,B,O,CA,3.3158558472888955,148.14627300423805,HA
20,PHE,221,A,LEU,222,B,O,CD1,3.3323565235430594,118.37809395836398,HD11
