,Res. Name 1,Res. Number 1,Chain 1,Res. Name 2,Res. Number 2,Chain 2,Distance (Å),Theta °,Gamma °
0,TYR,236,A,HIS,229,B,5.004011512998561,64.66431537894304,84.14262433974858
1,TYR,236,A,TYR,236,B,4.767505753652659,20.69013303379157,81.23684012056637
