,Res. Name 1,Res. Number 1,Chain 1,Res. Name 2,Res. Number 2,Chain 2,Atom 1,Atom 2,Distance (Å),Theta °,H Atom
0,LEU,2,A,GLN,305,B,CD1,O,3.3387123266313283,122.13820203628319,HD11
1,ARG,220,A,VAL,223,B,CA,O,3.4977278338944604,136.07827007071535,HA
2,ARG,220,A,ASN,224,B,CB,OD1,3.2132693631253506 *,127.16447963786158,HB2
3,ARG,220,A,PRO,202,B,CD,O,3.174807080753102 *,111.71850857567183,HD3
4,ARG,220,A,ASN,224,B,CD,OD1,3.270397529353275,127.0059043821883,HD3
5,LEU,222,A,PHE,221,B,CA,O,3.343142234485396,148.70636771570517,HA
6,LEU,222,A,PHE,221,B,CD2,O,3.2389041356607073,126.29409683181044,HD22
7,TYR,236,A,SER,232,B,CE1,O,3.5523794842330685,129.7917257363565,HE1
8,TYR,236,A,HIS,229,B,CE2,NE2,3.5185508380581956,132.43167264655222,HE2
9,MET,239,A,MET,239,B,CE,SD,3.415625857730907 *,111.75573847099112,HE2
10,LYS,318,A,ASP,364,B,CE,OD2,3.4070221601862234,133.42033314352915,HE2
11,GLU,375,A,HIS,229,B,CA,ND1,3.564982468400083,130.7007783457888,HA
12,GLY,274,A,LEU,2,B,O,CD1,3.5930210130195444,134.4548675886779,HD13
13,LYS,301,A,LEU,4,B,O,CD1,3.5519149764598787,143.06493240935083,HD13
14,GLN,299,A,TRP,13,B,O,CD1,3.471397413146466,153.51684870785593,HD1
15,GLU,308,A,PRO,15,B,OE2,CB,3.576702391868803,125.81531562984301,HB2
16,TYR,314,A,LEU,30,B,O,CB,3.423813663154003,146.48577170101913,HB2
17,VAL,223,A,ARG,220,B,O,CA,3.019966887235683 *,124.0941483978917,HA
18,VAL,223,A,ARG,220,B,O,CB,3.1985309127785535 *,117.82429094446181,HB2
19,ASN,224,A,ARG,220,B,OD1,CB,3.4516372926482264,142.15279341669836,HB3
20,ASN,224,A,ARG,220,B,OD1,CD,3.3220174593159473,133.62019794818568,HD3
21,PHE,221,A,LEU,222,B,O,CA,3.3559201420772746,139.4016954610131,HA
22,PHE,221,A,LEU,222,B,O,CG,3.4399273248137074,147.79511023231078,HG
23,ASN,321,A,THR,358,B,OD1,CG2,3.506408418881061,161.54093815759217,HG22
