,Res. Name 1,Res. Number 1,Chain 1,Res. Name 2,Res. Number 2,Chain 2,Atom 1,Atom 2,Distance (Å),Theta °,H Atom
0,ARG,220,A,VAL,223,B,CA,O,3.32851318158723,143.12504096613122,HA
1,LEU,222,A,PHE,221,B,CA,O,3.4246897669716017,143.18216560494335,HA
2,ARG,225,A,ARG,219,B,CD,O,3.576255024463436,166.6139184052787,HD3
3,TYR,236,A,SER,232,B,CE1,O,3.4753704838477306,137.76080409291194,HE1
4,LYS,318,A,ASP,364,B,CD,OD2,3.5542087727087726,120.4754047948333,HD3
5,GLY,274,A,LEU,2,B,O,CD1,3.447245277029185,153.1503558739865,HD13
6,LYS,301,A,LEU,4,B,O,CD1,3.333796634469476,128.40738024524043,HD12
7,GLN,299,A,TRP,13,B,O,CD1,3.3617406205714335,149.64622567158273,HD1
8,ASP,216,A,ARG,207,B,OD2,CG,3.412989891576009,114.85814446392148,HG3
9,VAL,223,A,ARG,220,B,O,CA,3.498828375327949,143.17627037082153,HA
10,ASN,224,A,ARG,220,B,OD1,CB,3.5341901476858824,128.04776768673693,HB2
11,VAL,223,A,ARG,220,B,O,CG,3.3895132393899887,146.22073214303438,HG3
12,PHE,221,A,LEU,222,B,O,CA,3.3400149700263246,156.09793525737592,HA
13,PHE,221,A,LEU,222,B,O,CD2,3.4502608597032167,146.08548717120374,HD23
14,ARG,219,A,ASN,224,B,O,CA,3.426178629318674,139.04042849921166,HA
15,GLN,227,A,ARG,378,B,OE1,CD,3.3053895383146608,139.13629570421074,HD2
