,Res. Name 1,Res. Number 1,Chain 1,Res. Name 2,Res. Number 2,Chain 2,Distance (Å),Theta °,Gamma °
0,TYR,236,A,HIS,229,B,5.25710585778905,60.88794434077378,83.12410328147578
1,TYR,236,A,TYR,236,B,5.110657165831681,18.86126188970829,88.29941550787525
