,Res. Name 1,Res. Number 1,Chain 1,Res. Name 2,Res. Number 2,Chain 2,Atom 1,Atom 2,Distance (Å),Theta °,H Atom
0,PRO,1,A,GLU,308,B,CG,OE1,3.598416318326713,151.3930609304256,HG2
1,PRO,1,A,GLU,308,B,CA,OE2,3.394863767517044,112.92718926634602,HA
2,LEU,2,A,GLN,305,B,CB,OE1,3.486316107297215,133.347880858214,HB2
3,ARG,220,A,VAL,223,B,CA,O,3.4609825194588866,149.94655568077317,HA
4,ARG,220,A,ASN,224,B,CB,OD1,3.4337297505773487,141.9968291011347,HB2
5,ARG,220,A,ASN,224,B,CD,OD1,3.465501406723133,144.4633548293107,HD3
6,LEU,222,A,PHE,221,B,CA,O,3.4685155326162262,140.1315239807755,HA
7,LEU,222,A,PHE,221,B,CD2,O,3.4920910641047076,155.90272814418444,HD23
8,ASN,224,A,ARG,219,B,CA,O,3.50921643675622,140.84891168661784,HA
9,TYR,236,A,SER,232,B,CE1,O,3.084234102658235 *,132.10418567393958,HE1
10,GLN,305,A,LEU,2,B,CG,O,3.4289065312428653,124.48302334142193,HG2
11,LYS,318,A,GLN,367,B,CD,OE1,3.409765387823625,112.81884677133844,HD2
12,LYS,318,A,GLN,367,B,CE,OE1,3.1778451818803273 *,110.53852816562006,HE2
13,ARG,378,A,GLN,227,B,CD,O,3.2870959827787165,115.3162290842668,HD3
14,TYR,314,A,LEU,30,B,O,CD1,3.5617130709814315,119.2110667103813,HD12
15,ASP,216,A,ARG,207,B,OD2,CD,3.3986320777630485,124.94073137281964,HD3
16,VAL,223,A,ARG,220,B,O,CA,3.117787677183934 *,131.86593982835402,HA
17,ASN,224,A,ARG,220,B,OD1,CB,3.528356557945927,137.69795369126632,HB2
18,VAL,223,A,ARG,220,B,O,CG,3.5667071648791167,142.61492523765938,HG3
19,PRO,202,A,ARG,220,B,O,CD,3.0122084921200254 *,112.73399424390954,HD3
20,PHE,221,A,LEU,222,B,O,CA,3.3948343111262487,142.0349331384467,HA
21,PHE,221,A,LEU,222,B,O,CD1,3.51269127593075,167.29946612441387,HD12
22,GLN,227,A,ARG,378,B,O,CD,3.5355056215483547,124.53909553120889,HD2
