,Res. Name 1,Res. Number 1,Chain 1,Res. Name 2,Res. Number 2,Chain 2,Atom 1,Atom 2,Distance (Å),Theta °,H Atom
0,PRO,1,A,GLU,308,B,CB,OE2,3.2506922339710953,139.42771869788822,HB2
1,PRO,1,A,GLU,308,B,CA,OE1,3.294161501808921,167.40918430147184,HA
2,PRO,1,A,GLU,308,B,CA,OE2,3.412462454005905,120.58780595128475,HA
3,ARG,220,A,VAL,223,B,CA,O,3.538276416562165,143.35046280515277,HA
4,ARG,220,A,ASN,224,B,CB,OD1,3.1836614141582285 *,127.71196301539462,HB2
5,ARG,220,A,ASN,224,B,CD,OD1,3.5023706257333767,130.5747965229159,HD3
6,LEU,222,A,PHE,221,B,CA,O,3.372684390808006,146.84685811441526,HA
7,TYR,236,A,SER,232,B,CE1,O,3.4987283404117027,121.99224382003952,HE1
8,GLN,305,A,LEU,2,B,O,CD1,3.4743920331476614,142.41243265219927,HD13
9,ASP,216,A,ARG,207,B,OD2,CG,3.371972716378345,116.64607244446377,HG3
10,VAL,223,A,ARG,220,B,O,CA,3.3467148070906796,144.9018506783359,HA
11,PHE,221,A,LEU,222,B,O,CA,3.2917016875774117,140.76590291670826,HA
12,MET,239,A,VAL,235,B,SD,CG1,3.4899140390559844 *,127.71408053771431,HG11
13,SER,232,A,TYR,236,B,O,CE2,3.561319980007411,151.0108402883041,HE2
