,Res. Name 1,Res. Number 1,Chain 1,Res. Name 2,Res. Number 2,Chain 2,Atom 1,Atom 2,Distance (Å),Theta °,H Atom
0,PRO,1,A,GLU,308,B,CA,OE1,3.053620801605858 *,140.52867716937584,HA
1,ARG,220,A,VAL,223,B,CA,O,3.514854193277446,136.3703608992328,HA
2,ARG,220,A,ASN,224,B,CB,OD1,3.2805792171505344,118.52638368553556,HB2
3,ARG,220,A,ASN,224,B,CD,OD1,3.3358357273702763,136.71552375110085,HD3
4,LEU,222,A,PHE,221,B,CA,O,3.520014204516793,143.54880658462923,HA
5,HIS,229,A,PRO,371,B,CE1,O,3.5271801768551576,148.8337303952357,HE1
6,SER,232,A,ASN,240,B,CB,OD1,3.5684450395095118,138.84914485244119,HB3
7,GLN,305,A,LEU,2,B,CG,O,3.549591525795617,136.88080995923954,HG3
8,LYS,318,A,ASP,364,B,CD,OD2,3.2454583651620017,123.63905002553999,HD3
9,LYS,318,A,ASP,364,B,CE,OD2,3.2249961240286757,128.4251548847576,HE2
10,LYS,301,A,LEU,4,B,O,CD1,3.3067506709759713,117.3039791412988,HD13
11,TYR,314,A,LEU,30,B,O,CD1,3.158053197778657 *,124.29168722751345,HD13
12,VAL,223,A,ARG,220,B,O,CA,3.5223571653084806,124.9251029899886,HA
13,ASN,224,A,ARG,220,B,OD1,CB,3.5186645193879964,148.93658650011557,HB2
14,VAL,223,A,ARG,220,B,O,CG,3.5704621549597797,156.87005319118595,HG3
15,PRO,202,A,ARG,220,B,O,CD,3.4083867151483878,131.31588402222914,HD3
16,PHE,221,A,LEU,222,B,O,CA,3.450652112282548,146.42421986411748,HA
17,PHE,221,A,LEU,222,B,O,CD2,3.460953625808927,138.09004389162723,HD22
18,GLU,375,A,HIS,229,B,OE1,CB,3.5921581256954744,113.44193733864289,HB2
19,LEU,2,A,GLN,305,B,O,CG,3.3683824010940326,134.3764744763665,HG2
