,Res. Name 1,Res. Number 1,Chain 1,Res. Name 2,Res. Number 2,Chain 2,Atom 1,Atom 2,Distance (Å),Theta °,H Atom
0,LEU,2,A,GLU,308,B,CB,OE1,3.4707491986601373,116.96238160385215,HB2
1,ARG,220,A,VAL,223,B,CA,O,3.325928441803888,134.7346903810085,HA
2,ARG,220,A,ASN,224,B,CB,OD1,3.509686595694835,151.1694427683524,HB2
3,ARG,220,A,VAL,223,B,CG,O,3.373484845082302,157.37487476813874,HG3
4,ARG,220,A,ASN,224,B,CD,OD1,3.3954822926942216,139.9029823922622,HD3
5,LEU,222,A,PHE,221,B,CA,O,3.0844448447005757 *,135.70973853480746,HA
6,LEU,222,A,PHE,221,B,CG,O,3.2765530668676766,137.83526714783184,HG
7,ASN,224,A,ARG,219,B,CA,O,3.5313878291685867,145.452283569924,HA
8,ARG,225,A,ARG,219,B,CD,O,3.514427407131915,136.84039497031713,HD2
9,HIS,229,A,PRO,371,B,CE1,O,3.465905365124673,157.09474096909776,HE1
10,TYR,236,A,SER,232,B,CE1,O,3.354906854146624,154.22227538719022,HE1
11,GLN,305,A,LEU,2,B,CG,O,3.3014087901985114,132.34505762686754,HG3
12,PRO,313,A,PRO,28,B,CB,O,3.562765779559458,161.96260709937857,HB2
13,LYS,318,A,ASP,364,B,CD,OD2,3.447172754591796,125.51194094400468,HD3
14,GLU,308,A,LEU,2,B,O,CD2,3.4396075357517235,110.41581588341367,HD23
15,LYS,301,A,LEU,4,B,O,CD1,3.3573203600490684,128.34766363018957,HD13
16,GLN,299,A,ILE,12,B,O,CA,3.506935984588254,140.22663697364732,HA
17,VAL,223,A,ARG,220,B,O,CA,3.248338036596557,139.03920199949982,HA
18,ASN,224,A,ARG,220,B,OD1,CB,3.463683010900389,120.6060200469697,HB2
19,VAL,223,A,ARG,220,B,O,CG,3.4166943088312727,126.53431872270446,HG3
20,ASN,224,A,ARG,220,B,OD1,CG,3.3918284154715184,117.102747824225,HG3
21,PRO,202,A,ARG,220,B,O,CD,3.3464309345928522,143.92421762193848,HD3
22,PHE,221,A,LEU,222,B,O,CA,3.5591853000370737,145.68173133546895,HA
23,PHE,221,A,LEU,222,B,O,CD1,3.5548839643510095,171.86538442253558,HD11
24,GLU,329,A,THR,358,B,OE1,CG2,3.3219572543908535,125.74425577320592,HG23
