,Res. Name 1,Res. Number 1,Chain 1,Res. Name 2,Res. Number 2,Chain 2,Atom 1,Atom 2,Distance (Å),Theta °,H Atom
0,PRO,1,A,GLU,308,B,CB,OE1,3.5388416183830587,130.71074531347068,HB2
1,PRO,1,A,GLU,308,B,CA,OE1,3.365204302861863,140.84301049950275,HA
2,LEU,2,A,GLU,308,B,CB,OE2,3.5623728047468566,128.76764783540753,HB3
3,LEU,2,A,ILE,304,B,CD1,O,3.5616428793465595,120.2426924516589,HD12
4,LEU,4,A,LYS,301,B,CD1,O,3.5861539286539323,118.0170836379781,HD13
5,ARG,220,A,VAL,223,B,CA,O,3.40251377660693,143.22216625039525,HA
6,ARG,220,A,ASN,224,B,CB,OD1,3.3523424646059046,134.36999866167722,HB2
7,ARG,220,A,ASN,224,B,CD,OD1,3.421841609426128,130.8046346667274,HD3
8,LEU,222,A,PHE,221,B,CA,O,3.3247105137139483,143.34666453367643,HA
9,LEU,222,A,PHE,221,B,CD1,O,3.1650750386049364 *,123.27796463746515,HD11
10,TYR,236,A,SER,232,B,CE1,O,3.506051910625399,164.3973582433351,HE1
11,MET,239,A,SER,232,B,CE,O,3.388185355024137,115.56256359289755,HE1
12,GLU,308,A,PRO,1,B,OE1,CA,3.0604901568212903 *,136.40556651996422,HA
13,LYS,301,A,LEU,4,B,O,CD1,3.3492387194704456,137.98293152317427,HD12
14,GLN,299,A,TRP,13,B,O,CD1,3.5110966947664655,155.09918797458658,HD1
15,VAL,223,A,ARG,220,B,O,CA,3.3163534190432653,128.18916819566195,HA
16,ASN,224,A,ARG,220,B,OD1,CB,3.445591386104864,144.14160801130734,HB2
17,PRO,202,A,ARG,220,B,O,CD,3.0952382783882744 *,113.18676384204888,HD3
18,PHE,221,A,LEU,222,B,O,CA,3.3115857228826227,149.98286397300805,HA
19,GLU,375,A,ASP,228,B,OE2,CA,3.2940097146183374,118.977319874186,HA
20,GLU,375,A,ASP,228,B,OE2,CB,3.3675361913422655,110.60103402159405,HB2
21,GLN,367,A,LYS,318,B,OE1,CD,3.4189325819618053,131.53919407941942,HD3
