,Res. Name 1,Res. Number 1,Chain 1,Res. Name 2,Res. Number 2,Chain 2,Atom 1,Atom 2,Distance (Å),Theta °,H Atom
0,ARG,220,A,VAL,223,B,CA,O,3.4341520059543065,132.72956305443003,HA
1,ARG,220,A,VAL,223,B,CG,O,3.472535097014851,142.76504667843858,HG3
2,PRO,313,A,LEU,30,B,O,CG,3.42878987399345,124.24936731793456,HG
3,PRO,313,A,LEU,30,B,O,CD1,3.353416168625663,114.73004263559973,HD13
4,VAL,223,A,ARG,220,B,O,CA,3.3151319732402804,135.57556249798523,HA
5,PHE,221,A,LEU,222,B,O,CA,3.445475293772977,140.11870128550936,HA
6,ARG,219,A,ASN,224,B,O,CA,3.5351096164051246,142.60500845895737,HA
7,GLU,375,A,HIS,229,B,OE1,CB,3.336135488855325,143.22219059217795,HB2
8,PRO,371,A,HIS,229,B,O,CE1,3.1387417861302356 *,112.1780559947135,HE1
9,ASP,324,A,THR,358,B,OD1,CG2,3.552196503573521,145.86600558359095,HG23
