,Res. Name 1,Res. Number 1,Chain 1,Res. Name 2,Res. Number 2,Chain 2,Atom 1,Atom 2,Distance (Å),Theta °,H Atom
0,PRO,1,A,GLU,308,B,CA,OE1,3.4719735022030473,126.86130089715452,HA
1,ARG,220,A,VAL,223,B,CA,O,3.527336105335013,131.56290759016198,HA
2,ARG,220,A,ASN,224,B,CB,OD1,3.3299399393983102,120.82303235732977,HB2
3,ARG,220,A,VAL,223,B,CG,O,3.479841950433953,141.40165522296923,HG3
4,LEU,222,A,PHE,221,B,CA,O,3.4976277675018483,149.64590558329954,HA
5,VAL,235,A,MET,239,B,CG1,SD,3.5046397817750092,120.25866847348271,HG12
6,LYS,318,A,GLY,359,B,CE,O,3.0199668872356926 *,115.9217787554197,HE3
7,GLN,316,A,ILE,12,B,OE1,CG2,3.552393559278019,121.84568290409295,HG23
8,ASP,216,A,ARG,207,B,OD2,CG,3.330750666141192,117.74458274364807,HG3
9,ASN,224,A,ARG,220,B,OD1,CG,3.1754369778032143 *,133.68960113349257,HG3
10,PRO,202,A,ARG,220,B,O,CD,3.0427290382155348 *,116.14925883574656,HD2
11,PHE,221,A,LEU,222,B,O,CA,3.5165466014259006,143.866523317951,HA
12,SER,232,A,TYR,236,B,O,CE2,3.59306276037588,158.8294246056001,HE2
13,GLU,329,A,THR,358,B,OE2,CG2,3.3703412290152484,125.7996979651022,HG21
