,Res. Name 1,Res. Number 1,Chain 1,Res. Name 2,Res. Number 2,Chain 2,Atom 1,Atom 2,Distance (Å),Theta °,H Atom
0,ARG,220,A,VAL,223,B,CA,O,3.3043910180243485,132.04652592821208,HA
1,ARG,220,A,VAL,223,B,CG,O,3.4952682300504465,147.14670880891913,HG3
2,LEU,222,A,PHE,221,B,CA,O,3.5294333822867383,150.64006236126207,HA
3,ASN,224,A,ARG,219,B,CA,O,3.5532238882457134,146.44395119109308,HA
4,TYR,236,A,SER,232,B,CE1,O,3.3621570457074084,123.30270266561939,HE1
5,PRO,313,A,LYS,29,B,CG,O,3.477671634872962,123.85395321998516,HG2
6,PRO,313,A,LYS,29,B,CB,O,3.332191471089259,112.09955220795659,HB3
7,GLU,375,A,HIS,229,B,CA,ND1,3.413898065262051,138.20372097303064,HA
8,TYR,314,A,LEU,30,B,O,CD2,3.598041133728188,139.39835225009472,HD22
9,VAL,223,A,ARG,220,B,O,CA,3.1958723378758425 *,134.59703466886555,HA
10,VAL,223,A,ARG,220,B,O,CB,3.356024433760871,119.32248510895894,HB2
11,ASN,224,A,ARG,220,B,OD1,CB,3.5262728198481716,167.63126388367283,HB3
12,PRO,202,A,ARG,220,B,O,CD,3.5493520535444167,142.3158454357532,HD3
13,PHE,221,A,LEU,222,B,O,CA,3.347028532893023,144.5336149854763,HA
14,MET,374,A,HIS,229,B,O,CE1,3.21715713013834 *,118.24631240648112,HE1
15,SER,232,A,TYR,236,B,O,CE2,3.388052537963363,137.04944932419482,HE2
