,Res. Name 1,Res. Number 1,Chain 1,Res. Name 2,Res. Number 2,Chain 2,Distance (Å),Theta °,Gamma °
0,TYR,236,A,HIS,229,B,5.450319633848193,70.05735416440764,85.28814903177728
1,TYR,236,A,TYR,236,B,4.618093040783532,9.497740338945917,83.08188604802535
