,Res. Name 1,Res. Number 1,Chain 1,Res. Name 2,Res. Number 2,Chain 2,Distance (Å),Theta °,Gamma °
0,TYR,236,A,HIS,229,B,5.239357859297056,68.27813014889279,83.99556780865352
1,TYR,236,A,TYR,236,B,4.7356124207962855,32.35504718882033,79.46888508836045
