,Res. Name 1,Res. Number 1,Chain 1,Res. Name 2,Res. Number 2,Chain 2,Atom 1,Atom 2,Distance (Å),Theta °,H Atom
0,ARG,220,A,VAL,223,B,CA,O,3.516048918886079,126.3425766757406,HA
1,ARG,220,A,ASN,224,B,CB,OD1,3.447462835187642,124.62636956693973,HB2
2,ARG,220,A,ASN,224,B,CD,OD1,3.2246240090900535,141.63254378386517,HD3
3,LEU,222,A,PHE,221,B,CA,O,3.4291835763050114,137.3529702551565,HA
4,LEU,222,A,PHE,221,B,CD1,O,3.5584968736813614,118.57204559394016,HD11
5,ASN,224,A,ARG,219,B,CA,O,3.5133744463122674,146.5307790436862,HA
6,GLN,305,A,LEU,2,B,CG,O,3.449014351956216,138.3687786326016,HG2
7,PRO,313,A,PRO,28,B,CB,O,3.521278177026052,113.58411617772805,HB2
8,PRO,313,A,PRO,28,B,CA,O,3.1283541998948863 *,132.25141294765206,HA
9,TYR,314,A,GLY,27,B,CZ,O,3.4838340947869515,111.00468805474932,HH
10,TYR,314,A,LYS,29,B,O,CA,3.215866912669116 *,131.03238676768368,HA
11,VAL,223,A,ARG,220,B,O,CA,3.297590029097013,140.52858337684555,HA
12,ASN,224,A,ARG,220,B,OD1,CB,3.44379151517626,147.183239997678,HB2
13,VAL,223,A,ARG,220,B,O,CG,3.4438641088173045,154.47655255668155,HG3
14,PRO,202,A,ARG,220,B,O,CD,3.284950532352052,117.15856842128129,HD3
15,ASN,224,A,ARG,220,B,OD1,CD,3.4172796198145643,151.35461748476703,HD3
16,GLU,375,A,HIS,229,B,OE2,CD2,3.4367862895443446,130.47681576339374,HD2
17,GLN,367,A,LYS,318,B,OE1,CE,3.115349097613297 *,115.33348330836934,HE3
