,Res. Name 1,Res. Number 1,Chain 1,Res. Name 2,Res. Number 2,Chain 2,Distance (Å),Theta °,Gamma °
0,TYR,236,A,HIS,229,B,5.2178653574894875,54.54590921959396,83.97516316741647
1,TYR,236,A,TYR,236,B,4.255993486314983,34.37927615139878,79.8087745977481
