,Res. Name 1,Res. Number 1,Chain 1,Res. Name 2,Res. Number 2,Chain 2,Atom 1,Atom 2,Distance (Å),Theta °,H Atom
0,ARG,220,A,ASN,224,B,CB,OD1,3.5588762271256345,138.29774005371212,HB2
1,ARG,220,A,ASN,224,B,CD,OD1,3.4069634573913468,145.3432098319388,HD3
2,LEU,222,A,PHE,221,B,CA,O,3.3631681492307193,144.38580539926923,HA
3,LEU,222,A,PHE,221,B,CD2,O,3.286411416727978,162.49783007815728,HD23
4,HIS,229,A,GLU,375,B,CB,OE1,3.459378556908743,122.20298291105418,HB2
5,HIS,229,A,PRO,371,B,CE1,O,3.2710395900997575,154.02866914253283,HE1
6,TYR,236,A,SER,232,B,CE1,O,3.272827523717059,127.98657190118435,HE1
7,GLN,305,A,LEU,2,B,CG,O,3.479798844761006,135.12162259606083,HG2
8,GLU,375,A,HIS,229,B,CB,ND1,3.5779044145980152,143.24282618821354,HB2
9,LYS,301,A,LEU,4,B,O,CD1,3.1229633363201637 *,128.21493851996067,HD12
10,GLN,316,A,ILE,12,B,OE1,CG2,3.3290389003434617,150.98986980724817,HG22
11,TYR,314,A,LEU,30,B,O,CD1,3.4473323019401585,127.3075354765941,HD11
12,VAL,223,A,ARG,220,B,O,CA,3.4082986958305166,150.02748940452992,HA
13,ASN,224,A,ARG,220,B,OD1,CB,3.4946816736292283,118.95057832711292,HB2
14,PRO,202,A,ARG,220,B,O,CD,3.4221922798112945,131.17574839015967,HD3
15,ARG,219,A,ARG,225,B,O,CA,3.4133414713444625,120.14471974807304,HA
16,MET,239,A,MET,239,B,SD,CE,3.527350280309571,116.88160945239292,HE2
17,GLN,227,A,ARG,378,B,OE1,CB,3.508760464893549,153.30259504562065,HB2
18,GLN,227,A,ARG,378,B,OE1,CD,3.498699758481711,138.32636009216588,HD2
