,Res. Name 1,Res. Number 1,Chain 1,Res. Name 2,Res. Number 2,Chain 2,Atom 1,Atom 2,Distance (Å),Theta °,H Atom
0,LEU,2,A,GLN,305,B,CG,O,3.259907974161236,127.93318752523318,HG
1,ARG,220,A,VAL,223,B,CA,O,3.4532448508612914,125.8736637231966,HA
2,ARG,220,A,VAL,223,B,CG,O,3.3055861809972518,162.0586774732473,HG3
3,LEU,222,A,PHE,221,B,CA,O,3.5523794842330667,143.3682059632441,HA
4,HIS,229,A,PRO,371,B,CE1,O,3.4255656467217146,116.85917368748503,HE1
5,TYR,236,A,SER,232,B,CE1,O,3.394318782907698,153.61714934124484,HE1
6,ILE,304,A,TRP,13,B,CG2,O,3.5215479550902073,139.22016444910244,HG23
7,GLY,274,A,LEU,2,B,O,CD2,3.4475063451718273,111.95519435100422,HD23
8,LYS,301,A,LEU,4,B,O,CD1,3.5010427018247063,111.87024825251673,HD11
9,GLN,299,A,ILE,12,B,OE1,CG2,3.1305909985176923 *,124.43234540622029,HG23
10,TYR,314,A,LEU,30,B,O,CB,3.5634253184260816,139.82646760930473,HB2
11,PRO,313,A,LEU,30,B,O,CD1,3.5357036074874713,133.7476132383451,HD12
12,GLU,315,A,LEU,30,B,OE1,CD1,3.416386980422454,116.15548367390114,HD11
13,PHE,221,A,LEU,222,B,O,CA,3.5344165006405257,143.56778428504066,HA
14,PHE,221,A,LEU,222,B,O,CD1,3.5692856428142594,159.94761600602587,HD13
15,LEU,2,A,GLN,305,B,O,CG,3.5077770738745575,130.0295991277441,HG2
