,Res. Name 1,Res. Number 1,Chain 1,Res. Name 2,Res. Number 2,Chain 2,Atom 1,Atom 2,Distance (Å),Theta °,H Atom
0,ARG,220,A,VAL,223,B,CA,O,3.4291252528888507,140.91366281940134,HA
1,ARG,220,A,ASN,224,B,CB,OD1,3.334936281250356,125.02386659325856,HB2
2,ARG,220,A,ASN,224,B,CD,OD1,3.4324335390506806,132.38333526487736,HD3
3,LEU,222,A,PHE,221,B,CA,O,3.5145981278092107,151.99256707914165,HA
4,HIS,229,A,PRO,371,B,CE1,O,3.5580050590183254,166.66496588158353,HE1
5,GLN,305,A,LEU,2,B,CG,O,3.595372025256922,124.40675829978257,HG3
6,LYS,318,A,GLU,360,B,CE,OE1,3.5842432953135352,147.725971595917,HE2
7,GLU,375,A,HIS,229,B,CB,ND1,3.5620499715753575,146.78318493202892,HB2
8,VAL,223,A,ARG,220,B,O,CA,3.0904206833374577 *,133.25670321334593,HA
9,ASN,224,A,ARG,220,B,OD1,CB,3.5551652563558798,120.28026402950114,HB2
10,VAL,223,A,ARG,220,B,O,CG,3.4444883509746416,126.5440915510973,HG3
11,ASN,224,A,ARG,220,B,OD1,CG,3.439316792620304,112.85212861419188,HG3
12,PRO,202,A,ARG,220,B,O,CD,3.1648222698913173 *,115.72419489064573,HD3
13,ASN,224,A,ARG,220,B,OD1,CD,3.5596207663176607,125.02949320194271,HD3
14,PHE,221,A,LEU,222,B,O,CA,3.518991332754309,144.35822583250217,HA
15,ARG,219,A,ASN,224,B,O,CA,3.587436410586258,135.64855431808496,HA
