,Res. Name 1,Res. Number 1,Chain 1,Res. Name 2,Res. Number 2,Chain 2,Distance (Å),Theta °,Gamma °
0,TYR,236,A,HIS,229,B,5.114224542065653,67.13435013637465,86.0829938240503
1,TYR,236,A,TYR,236,B,5.020419969152662,37.349842609397285,81.29082626357547
