,Res. Name 1,Res. Number 1,Chain 1,Res. Name 2,Res. Number 2,Chain 2,Atom 1,Atom 2,Distance (Å),Theta °,H Atom
0,ARG,220,A,ASN,224,B,CB,OD1,3.2071326757713052 *,139.71201421568946,HB2
1,ARG,220,A,VAL,223,B,CG,O,3.4853263835686934,163.95659611724025,HG3
2,ARG,220,A,ASN,224,B,CD,OD1,3.403321906608306,134.65498051071486,HD3
3,LEU,222,A,PHE,221,B,CA,O,3.3751592555018806,154.15959035737248,HA
4,ASN,224,A,ARG,219,B,CA,O,3.5434164305088363,147.4700126053669,HA
5,HIS,229,A,PRO,371,B,CE1,O,3.1639216172339024 *,133.5021496011672,HE1
6,TYR,236,A,HIS,229,B,CE2,NE2,3.452955256008977,120.48480018061788,HE2
7,GLN,305,A,LEU,2,B,CG,O,3.5494929215311792,158.92123867348346,HG2
8,LYS,318,A,GLU,360,B,CE,OE2,3.410996921722439,146.0315524078032,HE2
9,GLU,375,A,HIS,229,B,CA,ND1,3.5976798078761814,117.18052242448428,HA
10,GLN,305,A,LEU,2,B,O,CD1,3.47034580409503,162.98763492916166,HD12
11,GLU,308,A,LEU,2,B,O,CD2,3.3701483646866324,120.35214225666078,HD22
12,GLN,316,A,ILE,12,B,OE1,CG2,3.4465176628011136,112.0942012637473,HG21
13,GLU,308,A,PRO,15,B,OE1,CG,3.5861539286539332,179.63153914841942,HG2
14,VAL,223,A,ARG,220,B,O,CA,3.5161484610294798,144.95631846265334,HA
15,ASN,224,A,ARG,220,B,OD1,CG,3.396056536631869,137.61764248378458,HG2
16,HIS,229,A,TRP,317,B,ND1,CH2,3.5521401999358044,136.322187755054,HH2
