,Res. Name 1,Res. Number 1,Chain 1,Res. Name 2,Res. Number 2,Chain 2,Distance (Å),Theta °,Gamma °
0,TYR,236,A,HIS,229,B,5.340369899797827,58.95152840514442,83.51986346774507
1,TYR,236,A,TYR,236,B,4.532055579731761,23.313019439290752,80.51675655347331
