,Res. Name 1,Res. Number 1,Chain 1,Res. Name 2,Res. Number 2,Chain 2,Distance (Å),Theta °,Gamma °
0,TYR,236,A,HIS,229,B,5.05911675426978,60.710678822710236,80.76501760456891
1,TYR,236,A,TYR,236,B,4.3196109649931245,33.92576804404399,77.14156982708236
