,Res. Name 1,Res. Number 1,Chain 1,Res. Name 2,Res. Number 2,Chain 2,Atom 1,Atom 2,Distance (Å),Theta °,H Atom
0,ARG,220,A,VAL,223,B,CA,O,3.469755034580963,133.99103360551467,HA
1,ARG,220,A,VAL,223,B,CG,O,3.5215195583724928,149.77140519146684,HG3
2,LEU,222,A,PHE,221,B,CA,O,3.3900000000000006,139.28178967888226,HA
3,LEU,222,A,PHE,221,B,CD1,O,3.290562261985021,136.34385304586797,HD12
4,HIS,229,A,GLU,375,B,CB,OE2,3.579636853089992,166.06226962489214,HB2
5,PRO,313,A,PRO,28,B,CG,O,3.5416098034650862,131.90871939428084,HG2
6,PRO,313,A,LYS,29,B,CG,O,3.436480757984822,117.80625072200282,HG2
7,PRO,313,A,PRO,28,B,CB,O,3.4601445056529028,112.64342462904818,HB2
8,GLU,375,A,HIS,229,B,CA,ND1,3.5009998571836602,132.53039024054195,HA
9,GLU,308,A,LEU,2,B,O,CD2,3.3823364705481374,136.4782660074355,HD22
10,GLN,299,A,ILE,12,B,OE1,CG2,3.302998637601897,128.6611442255168,HG22
11,GLU,308,A,PRO,15,B,OE2,CB,3.271834347884988,120.16479261872472,HB2
12,PRO,313,A,LEU,30,B,O,CD2,3.2538285142275116,118.2775714017976,HD21
13,VAL,223,A,ARG,220,B,O,CA,3.427097897638762,116.38359551579313,HA
14,VAL,223,A,ARG,220,B,O,CB,3.292187722472701,114.86485136645135,HB2
15,PRO,202,A,ARG,220,B,O,CD,3.3296396201390914,125.80185575016452,HD3
16,PHE,221,A,LEU,222,B,O,CD2,3.5321098510663553,152.10294468257297,HD21
