,Res. Name 1,Res. Number 1,Chain 1,Res. Name 2,Res. Number 2,Chain 2,Distance (Å),Theta °,Gamma °
0,TYR,236,A,HIS,229,B,5.261236916247803,73.67020389376152,87.24945844454152
1,TYR,236,A,TYR,236,B,4.4779202141668835,16.708960658657436,79.39774181188352
