,Res. Name 1,Res. Number 1,Chain 1,Res. Name 2,Res. Number 2,Chain 2,Atom 1,Atom 2,Distance (Å),Theta °,H Atom
0,PRO,1,A,GLU,308,B,CA,OE1,3.161929790491878 *,120.8110682619015,HA
1,PRO,1,A,GLU,308,B,CA,OE2,3.2329862356650994,151.10979549219905,HA
2,ARG,220,A,VAL,223,B,CA,O,3.3694806721511283,142.23390977828436,HA
3,ARG,220,A,ASN,224,B,CB,OD1,3.2465828189035864,136.95028217504859,HB2
4,ARG,220,A,ASN,224,B,CD,OD1,3.441293361513948,138.65900524704588,HD3
5,LEU,222,A,PHE,221,B,CA,O,3.5162622200285374,146.46004016488624,HA
6,TYR,236,A,SER,232,B,CE1,O,3.4522601292486663,136.35306816536098,HE1
7,ASP,216,A,ARG,207,B,OD2,CG,3.408298695830512,126.91549959517548,HG3
8,VAL,223,A,ARG,220,B,O,CA,3.504996433664376,128.04011999435428,HA
9,ASN,224,A,ARG,220,B,OD1,CB,3.4138834192163103,112.12091050255911,HB2
10,VAL,223,A,ARG,220,B,O,CG,3.370014836762595,140.74025228583926,HG3
11,ASN,224,A,ARG,220,B,OD1,CD,3.2706880010175303,126.17647662958068,HD3
12,PRO,371,A,HIS,229,B,O,CE1,3.18866743327051 *,130.28304328483085,HE1
13,GLN,367,A,LYS,318,B,OE1,CD,3.084898701740469 *,124.08197193968664,HD3
