,Res. Name 1,Res. Number 1,Chain 1,Res. Name 2,Res. Number 2,Chain 2,Distance (Å),Theta °,Gamma °
0,TYR,236,A,HIS,229,B,5.498452610608819,67.4597183296945,83.74876130302593
1,TYR,236,A,TYR,236,B,5.135753758375377,24.452998577684422,83.64528478231706
