,Res. Name 1,Res. Number 1,Chain 1,Res. Name 2,Res. Number 2,Chain 2,Atom 1,Atom 2,Distance (Å),Theta °,H Atom
0,ARG,220,A,VAL,223,B,CA,O,3.59128110846255,131.37967057924612,HA
1,ARG,220,A,ASN,224,B,CB,OD1,3.4368881273617276,137.25347593520803,HB2
2,ARG,220,A,VAL,223,B,CG,O,3.465688964693748,145.8695407981549,HG3
3,LEU,222,A,PHE,221,B,CA,O,3.4892549347962567,144.26969732688468,HA
4,LYS,301,A,LEU,4,B,O,CD1,3.4635386528808905,112.86725426112822,HD12
5,GLN,299,A,ILE,12,B,OE1,CG2,3.5023857583081845,113.25431372744723,HG21
6,GLN,299,A,TRP,13,B,O,CB,3.53240711130526,128.8903169195452,HB2
7,GLN,299,A,TRP,13,B,O,CD1,3.568052690193908,148.142418252713,HD1
8,ASP,216,A,ARG,207,B,OD2,CG,3.485369420879224,116.54648088840548,HG3
9,VAL,223,A,ARG,220,B,O,CA,3.2978477830245594,141.85768163141148,HA
10,ASN,224,A,ARG,220,B,OD1,CB,3.5033269901623543,140.59425387809384,HB2
11,PHE,221,A,LEU,222,B,O,CA,3.4258721517301245,142.56994750525024,HA
12,ARG,219,A,ASN,224,B,O,CA,3.549267530068713,142.35738630905848,HA
13,MET,374,A,HIS,229,B,O,CE1,3.0340896493017455 *,111.68780655386864,HE1
14,MET,239,A,MET,239,B,SD,CE,3.5211645800785836,158.48639114915662,HE1
