,Res. Name 1,Res. Number 1,Chain 1,Res. Name 2,Res. Number 2,Chain 2,Atom 1,Atom 2,Distance (Å),Theta °,H Atom
0,LEU,4,A,LYS,301,B,CD1,O,3.1178357878502827 *,115.95178394982575,HD12
1,ARG,220,A,VAL,223,B,CA,O,3.4051431687962808,134.7198768844615,HA
2,ARG,220,A,ASN,224,B,CB,OD1,3.315991556080934,139.01381790287527,HB2
3,ARG,220,A,VAL,223,B,CG,O,3.462051414985056,154.3989315607485,HG3
4,LEU,222,A,PHE,221,B,CA,O,3.3891886934781352,131.43796779046235,HA
5,LEU,222,A,PHE,221,B,CG,O,3.4558067075575822,133.6406877925811,HG
6,ASN,224,A,ARG,219,B,CA,O,3.5318408797679393,146.72753724462848,HA
7,HIS,229,A,PRO,371,B,CE1,O,3.515878268654936,170.58883887917582,HE1
8,SER,232,A,ASN,240,B,CB,OD1,3.5629762839513823,130.3568714860906,HB3
9,TYR,236,A,SER,232,B,CE1,O,3.3311559555205483,133.89517016239373,HE1
10,GLN,305,A,LEU,2,B,CG,O,3.4999407137835834,135.58030016387468,HG3
11,LYS,301,A,LEU,4,B,O,CD1,3.1990467330128074 *,123.1822972914385,HD11
12,GLN,305,A,LEU,4,B,OE1,CD2,3.5139472107588645,131.7975866181602,HD22
13,VAL,223,A,ARG,220,B,O,CA,3.2401543173126846,132.84142632201977,HA
14,VAL,223,A,ARG,220,B,O,CG,3.4794252398923566,151.10290324521318,HG3
15,PHE,221,A,LEU,222,B,O,CA,3.3071135450721942,131.7004820476901,HA
16,PHE,221,A,LEU,222,B,O,CG,3.4451995588064213,131.3486598788164,HG
17,SER,232,A,TYR,236,B,O,CE2,3.4421069129241197,149.90053511292885,HE2
