,Res. Name 1,Res. Number 1,Chain 1,Res. Name 2,Res. Number 2,Chain 2,Distance (Å),Theta °,Gamma °
0,TYR,236,A,HIS,229,B,5.282772904030184,67.49599618091827,83.50013279650534
1,TYR,236,A,TYR,236,B,5.0017846814912,24.232260017419446,81.53638392141518
