,Res. Name 1,Res. Number 1,Chain 1,Res. Name 2,Res. Number 2,Chain 2,Atom 1,Atom 2,Distance (Å),Theta °,H Atom
0,LEU,4,A,LYS,301,B,CD2,O,3.5796508209600506,134.90299166956933,HD21
1,ARG,220,A,ASN,224,B,CB,OD1,3.4818960352084005,165.29955061692442,HB2
2,ASN,224,A,ARG,219,B,CA,O,3.543966704132532,133.68273894345305,HA
3,VAL,235,A,MET,239,B,CG1,SD,3.4764781029081777 *,124.00710691326404,HG12
4,TYR,236,A,SER,232,B,CE1,O,3.3440095693643,140.28910870304387,HE1
5,TYR,236,A,HIS,229,B,CE2,NE2,3.5175275407592737,128.37337836874065,HE2
6,ILE,304,A,TRP,13,B,CG2,O,3.581354492367378,161.60183779975634,HG23
7,PRO,313,A,PRO,28,B,CB,O,3.5988609309057793,116.41179384835134,HB2
8,PRO,313,A,PRO,28,B,CA,O,3.324154027718931,151.03588148493546,HA
9,LYS,318,A,GLU,360,B,CD,OE1,3.478749775422199,133.3483643134539,HD2
10,GLU,375,A,HIS,229,B,CA,ND1,3.423404737976508,131.8473540122654,HA
11,GLN,305,A,LEU,2,B,O,CD1,3.163083938184379 *,119.38836748642974,HD13
12,GLN,299,A,TRP,13,B,O,CB,3.4815370168935535,133.0006341100575,HB2
13,GLU,308,A,PRO,15,B,OE2,CB,3.3192770297159573,117.40293772700355,HB2
14,TYR,314,A,LYS,29,B,O,CA,3.3434263862092055,114.91957246019557,HA
15,TYR,314,A,LYS,29,B,O,CG,3.542626144543057,129.90429728734128,HG2
16,VAL,223,A,ARG,220,B,O,CA,3.3766995720673747,137.01428985106526,HA
17,ASN,224,A,ARG,220,B,OD1,CG,3.304254832787565,113.78560791126186,HG2
18,PHE,221,A,LEU,222,B,O,CA,3.5383329408070137,147.75556222948612,HA
19,ARG,219,A,ASN,224,B,O,CA,3.590501357749359,139.58562526131095,HA
