,Res. Name 1,Res. Number 1,Chain 1,Res. Name 2,Res. Number 2,Chain 2,Distance (Å),Theta °,Gamma °
0,TYR,236,A,HIS,229,B,5.15039280055415,73.2857569559797,88.13765135188376
1,TYR,236,A,TYR,236,B,5.167690489957773,41.8167733307789,83.68694867416376
