,Res. Name 1,Res. Number 1,Chain 1,Res. Name 2,Res. Number 2,Chain 2,Distance (Å),Theta °,Gamma °
0,TYR,236,A,HIS,229,B,5.093732903175123,65.29898186422591,84.19964299742239
1,TYR,236,A,TYR,236,B,5.434647080435749,30.635272991494332,84.29783133200347
