,Res. Name 1,Res. Number 1,Chain 1,Res. Name 2,Res. Number 2,Chain 2,Atom 1,Atom 2,Distance (Å),Theta °,H Atom
0,PRO,1,A,GLU,308,B,CB,OE2,3.5884676395364066,119.64161973010195,HB2
1,PRO,1,A,GLU,308,B,CA,OE2,3.28015243548222,137.1842296804184,HA
2,ARG,220,A,VAL,223,B,CA,O,3.5634393498416705,147.8990476152514,HA
3,ARG,220,A,ASN,224,B,CD,OD1,3.570700211443128,139.9066418915528,HD3
4,LEU,222,A,PHE,221,B,CA,O,3.431471987354704,146.90196893418548,HA
5,VAL,235,A,MET,239,B,CG1,SD,3.559971910001546,112.82569712013803,HG12
6,TYR,236,A,HIS,229,B,CE2,NE2,3.5235351566289235,122.22075124258434,HE2
7,GLN,305,A,LEU,2,B,CG,O,3.393847374293659,136.69213922025233,HG3
8,LYS,318,A,ASP,364,B,CD,OD2,3.473226165973068,129.86437742483685,HD3
9,LYS,318,A,GLN,367,B,CE,OE1,3.026978691699032 *,110.20969043747165,HE2
10,GLU,375,A,HIS,229,B,CA,ND1,3.3638668225719055,145.67171688387248,HA
11,GLN,299,A,ILE,12,B,OE1,CB,3.51594937392449,111.95874595252107,HB
12,GLN,299,A,TRP,13,B,O,CB,3.3621570457074146,129.35225050055638,HB2
13,GLN,299,A,TRP,13,B,O,CD1,3.21154168585743 *,144.32130317018115,HD1
14,ASP,267,A,TRP,13,B,OD1,CZ2,3.5956779611083127,122.95220387493995,HZ2
15,ARG,311,A,PRO,28,B,O,CG,3.473744377469363,117.94087771919229,HG2
16,TYR,314,A,LEU,30,B,O,CD1,3.4548950780016434,150.8168044549861,HD11
17,VAL,223,A,ARG,220,B,O,CA,3.41247710615031,140.37433548266998,HA
18,PRO,202,A,ARG,220,B,O,CD,3.471181355100887,154.34467568631723,HD3
19,PHE,221,A,LEU,222,B,O,CA,3.381922530159442,148.0861595095441,HA
20,GLU,375,A,HIS,229,B,OE2,CD2,3.0726047581815745 *,110.33428103624864,HD2
