,Res. Name 1,Res. Number 1,Chain 1,Res. Name 2,Res. Number 2,Chain 2,Distance (Å),Theta °,Gamma °
0,TYR,236,A,HIS,229,B,4.97416910984471,62.28769722654342,83.60463343423793
1,TYR,236,A,TYR,236,B,4.495284566446642,28.504878120988753,78.32299511907763
