,Res. Name 1,Res. Number 1,Chain 1,Res. Name 2,Res. Number 2,Chain 2,Atom 1,Atom 2,Distance (Å),Theta °,H Atom
0,PRO,1,A,GLU,308,B,CA,OE2,3.2439636249501933,130.39726500388923,HA
1,ARG,220,A,VAL,223,B,CA,O,3.228947196842964,135.15708041183393,HA
2,ARG,220,A,VAL,223,B,CG,O,3.266955769519998,154.40203069570177,HG3
3,LEU,222,A,PHE,221,B,CA,O,3.4286294637945365,136.00883646512256,HA
4,LEU,222,A,PHE,221,B,CD2,O,3.592255558837653,151.23739188870778,HD21
5,GLN,305,A,LEU,2,B,CG,O,3.4895415171624014,136.31442887841322,HG2
6,VAL,223,A,ARG,220,B,O,CA,3.391061780622705,141.92913033853876,HA
7,ASN,224,A,ARG,220,B,OD1,CB,3.4448947734292275,161.01511839320986,HB2
8,PRO,202,A,ARG,220,B,O,CD,3.509358915813546,124.43414899356962,HD3
9,PHE,221,A,LEU,222,B,O,CA,3.457759390125343,138.02515528594455,HA
10,PHE,221,A,LEU,222,B,O,CD1,3.4585979818417787,144.48481818371786,HD12
11,ARG,219,A,ASN,224,B,O,CA,3.45393977944029,145.94246483972645,HA
