,Res. Name 1,Res. Number 1,Chain 1,Res. Name 2,Res. Number 2,Chain 2,Distance (Å),Theta °,Gamma °
0,TYR,236,A,HIS,229,B,4.944048487266724,68.28927714653203,87.5362456771329
1,TYR,236,A,TYR,236,B,5.334374898294601,45.591274558835586,84.77828683937487
