,Res. Name 1,Res. Number 1,Chain 1,Res. Name 2,Res. Number 2,Chain 2,Atom 1,Atom 2,Distance (Å),Theta °,H Atom
0,ARG,220,A,VAL,223,B,CA,O,3.4620369726506306,130.4359101188857,HA
1,ARG,220,A,ASN,224,B,CB,OD1,3.588384037418516,164.5205750730746,HB2
2,LEU,222,A,PHE,221,B,CA,O,3.2315476168548094,143.99068887845493,HA
3,TYR,236,A,SER,232,B,CE1,O,3.4860579455883975,149.14087387518111,HE1
4,TYR,236,A,HIS,229,B,CE2,NE2,3.5320532272320015,117.6033959579545,HE2
5,GLN,305,A,LEU,2,B,CG,O,3.481120509261353,145.57506806624266,HG2
6,GLU,375,A,HIS,229,B,CA,ND1,3.5319824461624947,133.3950961186624,HA
7,GLY,274,A,LEU,2,B,O,CD1,3.491131621695178,123.88632123101073,HD13
8,GLU,308,A,PRO,15,B,OE2,CB,3.560112357777491,137.84175207434188,HB2
9,VAL,223,A,ARG,220,B,O,CA,3.2979539111394534,133.90302981210957,HA
10,VAL,223,A,ARG,220,B,O,CB,3.586028443835885,116.78612203522388,HB2
11,ASN,224,A,ARG,220,B,OD1,CB,3.441424123818504,165.64967848448407,HB3
12,MET,374,A,HIS,229,B,O,CE1,3.435855060970992,110.14158660527714,HE1
13,ASP,364,A,LYS,318,B,OD1,CD,3.58509414102335,124.65081390459612,HD2
