,Res. Name 1,Res. Number 1,Chain 1,Res. Name 2,Res. Number 2,Chain 2,Distance (Å),Theta °,Gamma °
0,TYR,236,A,HIS,229,B,5.104453893959226,65.328297655122,85.94025797100913
1,TYR,236,A,TYR,236,B,5.231177103567514,15.958248610341023,87.98841460939472
