,Res. Name 1,Res. Number 1,Chain 1,Res. Name 2,Res. Number 2,Chain 2,Distance (Å),Theta °,Gamma °
0,TYR,236,A,HIS,229,B,5.1930718483593425,69.35616161238015,85.88894109664798
1,TYR,236,A,TYR,236,B,5.046012176847062,44.14911568029329,84.80923508486488
