,Res. Name 1,Res. Number 1,Chain 1,Res. Name 2,Res. Number 2,Chain 2,Atom 1,Atom 2,Distance (Å),Theta °,H Atom
0,LEU,2,A,ILE,304,B,CD1,O,3.3272961996191417,111.50012616448237,HD13
1,ARG,220,A,VAL,223,B,CA,O,3.4716566650519995,144.78650705111252,HA
2,ARG,220,A,ASN,224,B,CB,OD1,3.3886575513025767,139.28929876059635,HB2
3,ARG,220,A,ASN,224,B,CD,OD1,3.4219000569858813,137.05012141229085,HD3
4,LEU,222,A,PHE,221,B,CA,O,3.346669986718136,140.20439709670978,HA
5,TYR,236,A,SER,232,B,CE1,O,3.5228539566663857,140.215735090887,HE1
6,GLN,305,A,LEU,2,B,CG,O,3.4264850794947357,131.8728610432263,HG2
7,LYS,318,A,ASP,364,B,CE,OD2,3.398470244095124,126.54390518078459,HE2
8,VAL,223,A,ARG,220,B,O,CA,3.2360624221420626,142.48725750127167,HA
9,ASN,224,A,ARG,220,B,OD1,CB,3.3684120888038716,124.86469605330645,HB2
10,VAL,223,A,ARG,220,B,O,CG,3.3859267564434927,147.45656755074836,HG3
11,ASN,224,A,ARG,220,B,OD1,CD,3.4728950459235,139.2021683162159,HD3
12,PHE,221,A,LEU,222,B,O,CA,3.531458622156004,153.57034232733665,HA
13,PHE,221,A,LEU,222,B,O,CD1,3.2259107241211775,129.27210693646796,HD12
14,ARG,219,A,ASN,224,B,O,CA,3.4884093796456743,142.40026111316195,HA
15,SER,232,A,MET,239,B,O,CE,3.4816519067821825,119.44912152889417,HE3
16,GLN,227,A,ARG,378,B,O,CD,3.4280752617175754,126.39429193983797,HD2
