,Res. Name 1,Res. Number 1,Chain 1,Res. Name 2,Res. Number 2,Chain 2,Distance (Å),Theta °,Gamma °
0,TYR,236,A,HIS,229,B,4.963078827143941,63.940332329089955,86.47578618729014
1,TYR,236,A,TYR,236,B,4.636903300935033,39.605371076055036,79.52440748967645
