,Res. Name 1,Res. Number 1,Chain 1,Res. Name 2,Res. Number 2,Chain 2,Atom 1,Atom 2,Distance (Å),Theta °,H Atom
0,LEU,2,A,GLU,308,B,CA,OE1,3.447854405278736,116.51574974707356,HA
1,ARG,220,A,VAL,223,B,CA,O,3.287187247480745,132.35451674034184,HA
2,ARG,220,A,ASN,224,B,CB,OD1,3.3657985679478837,152.8018017565951,HB2
3,ARG,220,A,ASN,224,B,CD,OD1,3.4355494465951173,145.39142673303363,HD3
4,TYR,236,A,SER,232,B,CE1,O,3.4126968807674696,148.85233865434182,HE1
5,TYR,236,A,HIS,229,B,CE2,NE2,3.3668531301498796,131.1589779692487,HE2
6,PRO,313,A,PRO,28,B,CA,O,3.580223456713279,136.61893992126627,HA
7,LYS,318,A,GLU,360,B,CD,OE1,3.3546385796386446,150.34181241839596,HD2
8,LYS,318,A,ASP,364,B,CD,OD2,3.4584534115699763,135.00666536750504,HD3
9,LYS,318,A,GLN,367,B,CE,OE1,2.8274546857553737 *,114.43962830536142,HE3
10,TYR,314,A,LYS,29,B,O,CA,3.3452204710601676,128.29403285243902,HA
11,VAL,223,A,ARG,220,B,O,CA,3.3133215962233455,135.28269845401758,HA
12,SER,232,A,TYR,236,B,O,CE1,3.395997644286577,127.66588618754218,HE1
13,SER,232,A,TYR,236,B,O,CZ,3.504069063246325,111.28097582567278,HH
