,Res. Name 1,Res. Number 1,Chain 1,Res. Name 2,Res. Number 2,Chain 2,Atom 1,Atom 2,Distance (Å),Theta °,H Atom
0,LEU,2,A,GLN,305,B,CD1,O,3.5866976454672095,155.84580139359193,HD12
1,LEU,2,A,GLN,305,B,CD2,O,3.586934624439089,143.55670753783502,HD21
2,ARG,220,A,VAL,223,B,CA,O,3.1899999999999924 *,152.4006818391656,HA
3,ARG,220,A,ASN,224,B,CB,OD1,3.292385153653811,125.15728356984297,HB2
4,ARG,220,A,PRO,202,B,CD,O,3.5080193842109835,113.73686195721726,HD3
5,ARG,220,A,ASN,224,B,CD,OD1,3.1739092614628994 *,137.30648776841858,HD3
6,ASN,224,A,ARG,219,B,CA,O,3.5954554648889703,145.08182509466113,HA
7,ARG,225,A,ARG,219,B,CG,O,3.2334965594538674,133.9679387342902,HG3
8,LYS,318,A,GLU,360,B,CD,OE1,3.444546414261248,133.75674143013745,HD2
9,GLU,375,A,HIS,229,B,CB,NE2,3.417941778322155,137.60677995106923,HB2
10,GLN,305,A,LEU,2,B,O,CD1,3.286411416727977,126.66642482319484,HD13
11,GLN,299,A,TRP,13,B,O,CD1,3.5264004310344514,137.13431999950444,HD1
12,GLU,308,A,PRO,15,B,OE2,CB,3.590724160945812,114.80105472702706,HB3
13,TYR,314,A,LYS,29,B,O,CG,3.1937595401031804 *,140.95366526822067,HG2
14,TYR,314,A,LEU,30,B,O,CB,3.538615548487849,120.33344271468707,HB2
15,PRO,313,A,LEU,30,B,O,CG,3.59424540063697,132.23033472200615,HG
16,GLU,315,A,LEU,30,B,OE2,CD1,3.382040804011682,119.64303666300002,HD11
17,VAL,223,A,ARG,220,B,O,CA,3.2012809936024045 *,133.5295843858959,HA
18,VAL,223,A,ARG,220,B,O,CG,3.4607947064222055,126.09029501427622,HG3
19,PHE,221,A,LEU,222,B,O,CA,3.4677081768799423,141.2588735020797,HA
20,ASN,240,A,HIS,229,B,OD1,CD2,3.424084695214184,121.04063466796921,HD2
21,MET,374,A,HIS,229,B,O,CD2,3.186367210476532 *,110.79811240535105,HD2
22,SER,232,A,TYR,236,B,O,CE2,3.5208095659947336,128.46976804245833,HE2
23,ASP,324,A,THR,358,B,OD1,CG2,3.382380818299437,117.56817194276805,HG23
24,ASP,324,A,THR,358,B,OD2,CG2,3.3567841753678413,133.8068020455368,HG21
25,GLU,329,A,THR,358,B,OE2,CG2,3.4754280311927026,140.45655662053187,HG23
