,Res. Name 1,Res. Number 1,Chain 1,Res. Name 2,Res. Number 2,Chain 2,Atom 1,Atom 2,Distance (Å),Theta °,H Atom
0,PRO,1,A,GLU,308,B,CA,OE1,3.4347925701561612,151.10383350242464,HA
1,PRO,1,A,GLU,308,B,CA,OE2,2.9705386716890216 *,122.88113014211706,HA
2,ARG,220,A,VAL,223,B,CA,O,3.4066258966901612,137.08061194581668,HA
3,ARG,220,A,ASN,224,B,CB,OD1,3.551070261202947,140.76050200764934,HB2
4,ARG,220,A,VAL,223,B,CG,O,3.4228350822088975,139.36928982948044,HG3
5,LEU,222,A,PHE,221,B,CA,O,3.3556817489148214,142.26987288047167,HA
6,LYS,318,A,ASP,364,B,CD,OD2,3.574814680511426,113.23875283634412,HD3
7,GLU,308,A,PRO,1,B,OE1,CA,3.279237716299337,144.8965484985466,HA
8,GLN,299,A,TRP,13,B,O,CB,3.5660342118381227,146.33930650226026,HB2
9,VAL,223,A,ARG,220,B,O,CA,3.420657831470434,136.27393676741562,HA
10,ASN,224,A,ARG,220,B,OD1,CB,3.587840576168347,125.68634811231608,HB2
11,PRO,202,A,ARG,220,B,O,CD,3.491489653428747,135.28358994463113,HD3
12,SER,232,A,TYR,236,B,O,CE2,3.3761072257853373,132.32679177433502,HE2
