,Res. Name 1,Res. Number 1,Chain 1,Res. Name 2,Res. Number 2,Chain 2,Atom 1,Atom 2,Distance (Å),Theta °,H Atom
0,ARG,220,A,VAL,223,B,CA,O,3.4445028668880533,140.92897698118264,HA
1,ARG,220,A,ASN,224,B,CG,OD1,3.402484386444706,122.69145594539424,HG3
2,ARG,220,A,ASP,203,B,CD,OD2,3.0261526729496047 *,110.1270763825791,HD3
3,LEU,222,A,PHE,221,B,CA,O,3.519801130745882,156.72963365009448,HA
4,ARG,225,A,ARG,219,B,CG,O,3.4499420284984503,137.27986057951648,HG3
5,TYR,236,A,HIS,229,B,CE2,NE2,3.3495223540081094,122.97575476884079,HE2
6,ARG,294,A,THR,31,B,CD,O,3.4448512304597454,128.911829144906,HD2
7,LYS,318,A,GLN,367,B,CD,OE1,3.3656054433043687,120.70145154119348,HD2
8,GLU,308,A,PRO,1,B,OE1,CA,3.0224162519414848 *,149.5433310435946,HA
9,VAL,223,A,ARG,220,B,O,CA,3.4589304705356603,149.89482834671907,HA
10,ASN,224,A,ARG,220,B,OD1,CG,3.173956521441337 *,117.72370335989102,HG3
11,PRO,202,A,ARG,220,B,O,CD,3.4412933615139534,129.30448855665858,HD3
12,ASN,224,A,ARG,220,B,OD1,CD,3.386059656887341,115.01554174747712,HD3
13,PHE,221,A,LEU,222,B,O,CA,3.289756829919197,152.4163981644279,HA
14,PHE,221,A,LEU,222,B,O,CD1,3.413810188045025,114.83183166970214,HD11
15,ASN,240,A,VAL,226,B,OD1,CG1,3.4443286718894943,138.0283116891032,HG11
16,GLN,379,A,ASP,228,B,OE1,CA,3.512748211870588,135.66641502118284,HA
17,MET,239,A,VAL,235,B,SD,CG1,3.592102448427666,111.18919530722485,HG11
18,LEU,2,A,GLN,305,B,O,CG,3.505780940104506,133.77717029660852,HG2
19,GLY,266,A,THR,358,B,O,CG2,3.3242893977510417,124.69267169525882,HG21
