,Res. Name 1,Res. Number 1,Chain 1,Res. Name 2,Res. Number 2,Chain 2,Distance (Å),Theta °,Gamma °
0,TYR,236,A,HIS,229,B,5.216793832315874,68.00587608276567,86.64388048547605
1,TYR,236,A,TYR,236,B,4.803171695175307,20.761344016606472,81.66824200959435
