,Res. Name 1,Res. Number 1,Chain 1,Res. Name 2,Res. Number 2,Chain 2,Atom 1,Atom 2,Distance (Å),Theta °,H Atom
0,ARG,220,A,VAL,223,B,CA,O,3.521207179363349,135.34423366617952,HA
1,ARG,220,A,ASN,224,B,CB,OD1,3.2864114167279794,142.54778739790078,HB2
2,ARG,220,A,VAL,223,B,CG,O,3.5181102882087125,153.70500247526797,HG3
3,ARG,220,A,ASN,224,B,CD,OD1,3.278017693667927,132.134570620866,HD3
4,LEU,222,A,PHE,221,B,CD1,O,3.564519602975967,129.07040973322748,HD13
5,TYR,236,A,SER,232,B,CE1,O,3.4046292015431026,160.18132273765445,HE1
6,TYR,236,A,HIS,229,B,CE2,NE2,3.5112818172285727,133.79071485563463,HE2
7,GLU,375,A,HIS,229,B,CA,ND1,3.2543816616985732,133.317523437781,HA
8,GLU,375,A,HIS,229,B,CB,NE2,3.5070928131431045,151.1042916868467,HB2
9,GLY,274,A,LEU,2,B,O,CD1,3.5438538344576287,128.60164207907835,HD12
10,LYS,301,A,LEU,4,B,O,CD1,3.2317951667765037,119.67729222244886,HD12
11,VAL,223,A,ARG,220,B,O,CA,3.263648265361938,145.37602390905332,HA
12,ASN,224,A,ARG,220,B,OD1,CB,3.4587136337083533,140.3441240257943,HB2
13,VAL,223,A,ARG,220,B,O,CG,3.4510578088464383,148.48382111636005,HG3
14,PRO,202,A,ARG,220,B,O,CD,3.12080117918461 *,121.70174890392049,HD3
15,ASN,224,A,ARG,220,B,OD1,CD,3.407022160186225,149.4230700445003,HD3
16,PHE,221,A,LEU,222,B,O,CA,3.5923251523212634,148.22238774679874,HA
17,PHE,221,A,LEU,222,B,O,CD1,3.5795111398066686,155.35128854299919,HD11
