,Res. Name 1,Res. Number 1,Chain 1,Res. Name 2,Res. Number 2,Chain 2,Atom 1,Atom 2,Distance (Å),Theta °,H Atom
0,PRO,1,A,GLU,308,B,CA,OE2,2.8758650872389637 *,121.70687374901946,HA
1,ARG,220,A,VAL,223,B,CA,O,3.427783540423751,132.8604514987702,HA
2,ARG,220,A,ASN,224,B,CB,OD1,3.2084419895020724 *,139.129962908588,HB2
3,ARG,220,A,VAL,223,B,CG,O,3.3659619724530483,140.13810939753716,HG3
4,LEU,222,A,PHE,221,B,CA,O,3.2596625592229613,142.13240414958264,HA
5,LEU,222,A,PHE,221,B,CG,O,3.356501154476184,129.24836636511463,HG
6,LEU,222,A,PHE,221,B,CD2,O,3.5077200572451606,126.91825455142008,HD22
7,HIS,229,A,MET,374,B,CE1,O,3.376225703355746,132.67666086469748,HE1
8,SER,232,A,ASN,240,B,CB,OD1,3.4524918537195726,122.36288900860767,HB3
9,LYS,301,A,LEU,4,B,O,CD1,3.3475214711783443,140.92589025728768,HD11
10,GLN,316,A,ILE,12,B,OE1,CG2,3.207772747561773 *,138.03058513297384,HG21
11,GLN,299,A,TRP,13,B,O,CB,3.4299416904664644,142.69301290547475,HB2
12,GLN,299,A,TRP,13,B,O,CD1,3.3044969359949468,136.56234360599692,HD1
13,TYR,314,A,LEU,30,B,O,CD1,3.329579553036689,121.29490572491149,HD13
14,VAL,223,A,ARG,220,B,O,CA,3.3409878778588795,136.41455959166774,HA
15,ASN,224,A,ARG,220,B,OD1,CB,3.4172210932276577,145.02579377247108,HB2
16,VAL,223,A,ARG,220,B,O,CG,3.468832656672839,140.7504454355784,HG3
17,PRO,202,A,ARG,220,B,O,CD,3.371898574987091,116.39161772897191,HD3
18,ASN,224,A,ARG,220,B,OD1,CD,3.354564055134445,143.60625745199488,HD3
19,PHE,221,A,LEU,222,B,O,CA,3.3681003547994224,147.89488054786202,HA
20,PHE,221,A,LEU,222,B,O,CD1,3.5593679214152583,142.91304348995249,HD13
