,Res. Name 1,Res. Number 1,Chain 1,Res. Name 2,Res. Number 2,Chain 2,Atom 1,Atom 2,Distance (Å),Theta °,H Atom
0,PRO,1,A,GLU,308,B,CA,OE2,2.9993499295680817 *,112.93760625978106,HA
1,ARG,220,A,ASN,224,B,CB,OD1,3.481508293828985,139.69449718619612,HB2
2,LEU,222,A,PHE,221,B,CD1,O,3.4352001397298557,140.1482470555313,HD11
3,ILE,304,A,TRP,13,B,CG2,O,3.452665636866679,147.75037852941222,HG21
4,GLN,305,A,LEU,2,B,CG,O,3.341945541148153,136.29199057045116,HG3
5,LYS,318,A,GLU,360,B,CG,OE1,3.521377571349031,148.53908869419095,HG2
6,LYS,301,A,LEU,4,B,O,CD1,3.5106979363083988,140.966575462372,HD13
7,GLN,316,A,ILE,12,B,OE1,CG2,3.423273287366928,113.91986304004091,HG22
8,GLN,299,A,TRP,13,B,O,CD1,3.5453208599504724,144.92313098567078,HD1
9,PRO,313,A,LEU,30,B,O,CD1,3.314528624103281,123.011149340076,HD13
10,VAL,223,A,ARG,220,B,O,CA,3.342349473050359,131.5166831735699,HA
11,ASN,224,A,ARG,220,B,OD1,CB,3.487018784004473,142.91236598267815,HB2
12,VAL,223,A,ARG,220,B,O,CG,3.524102722679919,136.8720347507315,HG3
13,PHE,221,A,LEU,222,B,O,CA,3.5490984770783665,150.09138388663143,HA
14,PHE,221,A,LEU,222,B,O,CD1,3.3475662801504047,121.85685262420334,HD12
15,ARG,219,A,ASN,224,B,O,CA,3.4876639746397564,152.77444653147094,HA
16,SER,232,A,TYR,236,B,O,CE2,3.38825914003047,162.55844203595734,HE2
