,Res. Name 1,Res. Number 1,Chain 1,Res. Name 2,Res. Number 2,Chain 2,Distance (Å),Theta °,Gamma °
0,TYR,236,A,HIS,229,B,5.324237326708045,70.02411105588796,85.5699629030167
1,TYR,236,A,TYR,236,B,4.4337299321351376,30.731591735981933,79.51531691141001
