,Res. Name 1,Res. Number 1,Chain 1,Res. Name 2,Res. Number 2,Chain 2,Distance (Å),Theta °,Gamma °
0,TYR,236,A,HIS,229,B,5.323458493623601,64.0060145988529,82.21539401638809
1,TYR,236,A,TYR,236,B,4.837941768516401,21.222803093746407,84.14171782366532
