,Res. Name 1,Res. Number 1,Chain 1,Res. Name 2,Res. Number 2,Chain 2,Atom 1,Atom 2,Distance (Å),Theta °,H Atom
0,PRO,1,A,GLU,308,B,CB,OE2,3.182279057530934 *,115.1321704610628,HB2
1,PRO,1,A,GLU,308,B,CA,OE1,3.1574198327115184 *,131.30721559109165,HA
2,ARG,220,A,ASN,224,B,CA,OD1,3.5170584299951693,114.36840850070094,HA
3,ARG,220,A,ASN,224,B,CB,OD1,2.973701397248889 *,119.95859218603763,HB2
4,ARG,220,A,ASN,224,B,CD,OD1,3.5291642070042557,123.10273983599144,HD3
5,LEU,222,A,PHE,221,B,CA,O,3.2980297148449065,140.2814255978067,HA
6,TYR,236,A,SER,232,B,CE1,O,3.3896459992158445,135.3292698207792,HE1
7,LYS,318,A,ASP,364,B,CD,OD2,3.5237196256229013,125.79341339476676,HD3
8,LYS,318,A,GLN,367,B,CD,OE1,3.3201957773601225,126.05196573893879,HD2
9,LYS,301,A,LEU,4,B,O,CD1,3.5023706257333713,112.32356595049042,HD13
10,GLN,299,A,TRP,13,B,O,CD1,3.3558754446492802,155.44385056727847,HD1
11,GLU,308,A,PRO,15,B,OE2,CB,3.52818650300689,114.24734798642504,HB2
12,VAL,223,A,ARG,220,B,O,CA,3.415333073069156,112.93203742614645,HA
13,VAL,223,A,ARG,220,B,O,CB,3.38144939338148,129.9919312733819,HB2
14,ASN,224,A,ARG,220,B,OD1,CB,3.565066619293386,156.85991794991273,HB3
15,PHE,221,A,LEU,222,B,O,CA,3.4261640357694474,141.96174769630804,HA
16,MET,374,A,HIS,229,B,O,CE1,3.0862922739105505 *,111.49232460988686,HE1
17,GLU,375,A,HIS,229,B,OE2,CD2,3.315720132942468,110.99796372311731,HD2
18,GLU,329,A,THR,358,B,OE2,CG2,3.270856157032891,139.0842884024054,HG22
