,Res. Name 1,Res. Number 1,Chain 1,Res. Name 2,Res. Number 2,Chain 2,Distance (Å),Theta °,Gamma °
0,TYR,236,A,HIS,229,B,5.366751935140414,65.68921318362095,84.50970571550197
1,TYR,236,A,TYR,236,B,4.803034052670366,31.88968688024764,80.11788659295368
