,Res. Name 1,Res. Number 1,Chain 1,Res. Name 2,Res. Number 2,Chain 2,Atom 1,Atom 2,Distance (Å),Theta °,H Atom
0,PRO,1,A,GLU,308,B,CD,OE2,3.5825270410703114,115.00672252659183,HD2
1,PRO,1,A,GLU,308,B,CA,OE2,3.202967374170398 *,120.66463719113764,HA
2,ARG,220,A,VAL,223,B,CA,O,3.30877620881195,128.42334975427607,HA
3,ARG,220,A,ASN,224,B,CB,OD1,3.337079561532808,146.08829260680318,HB2
4,ARG,220,A,VAL,223,B,CG,O,3.369347117766293,151.93204873706588,HG3
5,ARG,220,A,ASN,224,B,CD,OD1,3.407829221073143,136.37494909229915,HD3
6,LEU,222,A,PHE,221,B,CA,O,3.28537669073122,153.1474575374984,HA
7,ASN,224,A,ARG,219,B,CA,O,3.3943187829076993,151.3365930969476,HA
8,SER,232,A,ASN,240,B,CB,OD1,3.1982026202228067 *,122.4578978546056,HB3
9,TYR,236,A,SER,232,B,CE1,O,3.498871246559381,134.53946580426708,HE1
10,GLN,305,A,LEU,2,B,O,CD1,3.5391524409101134,110.06959745301305,HD11
11,GLU,308,A,PRO,15,B,OE1,CG,3.585554350445685,136.4426117537427,HG2
12,VAL,223,A,ARG,220,B,O,CA,3.135825250233177 *,136.32508126834415,HA
13,VAL,223,A,ARG,220,B,O,CG,3.415567302806371,118.56243953888767,HG3
14,ASN,224,A,ARG,220,B,OD1,CG,3.5625412278316086,128.25509888332485,HG3
15,PRO,202,A,ARG,220,B,O,CD,3.135729580177473 *,125.6789391531315,HD2
16,PHE,221,A,LEU,222,B,O,CA,3.225786725746142,144.9282122727315,HA
17,ARG,219,A,ASN,224,B,O,CA,3.3562777000719075,148.91862550758475,HA
18,MET,239,A,VAL,235,B,SD,CG1,3.472477501726979 *,121.44072855874225,HG13
19,SER,232,A,MET,239,B,O,CE,3.528370728820877,137.40784253560508,HE3
