,Res. Name 1,Res. Number 1,Chain 1,Res. Name 2,Res. Number 2,Chain 2,Atom 1,Atom 2,Distance (Å),Theta °,H Atom
0,LEU,4,A,LYS,301,B,CD1,O,3.450941900409221,137.27921727136933,HD12
1,ARG,220,A,VAL,223,B,CA,O,3.5154089378051006,135.99986341157685,HA
2,ARG,220,A,ASN,224,B,CB,OD1,3.241928438445242,139.8417557849109,HB2
3,ARG,220,A,ASN,224,B,CD,OD1,3.442687903368534,141.24730341351622,HD3
4,LEU,222,A,PHE,221,B,CA,O,3.491503973934445,142.46482435505595,HA
5,VAL,223,A,MET,239,B,CG2,SD,3.5085894601677174,125.71905000192423,HG23
6,ARG,225,A,ARG,219,B,CG,O,3.562035934686792,123.37005487830959,HG2
7,TYR,236,A,HIS,229,B,CE2,NE2,3.3852621759621466,122.39638361209117,HE2
8,GLU,375,A,HIS,229,B,CA,ND1,3.454012159793296,131.07159805536543,HA
9,LYS,301,A,LEU,4,B,O,CD1,3.16006329050543 *,116.72873663458277,HD11
10,GLN,299,A,TRP,13,B,O,CB,3.492477630565444,124.50000102584818,HB2
11,GLN,299,A,TRP,13,B,O,CD1,3.3655608745051713,142.76361992762392,HD1
12,TYR,314,A,LYS,29,B,O,CB,3.4213739930033884,150.4656259838635,HB2
13,ASP,216,A,ARG,207,B,OD2,CG,3.536679233405248,123.97231031778021,HG3
14,VAL,223,A,ARG,220,B,O,CA,3.1831273929894772 *,118.54650678843505,HA
15,VAL,223,A,ARG,220,B,O,CB,3.121105573350566 *,124.16508934632046,HB2
16,ASN,224,A,ARG,220,B,OD1,CD,3.4028811322172197,135.50210052924044,HD3
17,PHE,221,A,LEU,222,B,O,CD1,3.5724221475072033,138.6006005184197,HD13
18,ARG,219,A,ARG,225,B,O,CA,3.5151813608973255,111.33234285981277,HA
19,MET,374,A,HIS,229,B,O,CE1,3.171576894858453 *,132.35761877132467,HE1
