,Res. Name 1,Res. Number 1,Chain 1,Res. Name 2,Res. Number 2,Chain 2,Atom 1,Atom 2,Distance (Å),Theta °,H Atom
0,LEU,2,A,GLU,308,B,CA,OE1,3.302029678849059,111.84196107575931,HA
1,ARG,220,A,VAL,223,B,CA,O,3.2633878102364795,144.6866957664301,HA
2,ARG,220,A,ASN,224,B,CB,OD1,3.50202798389733,145.64819025741616,HB2
3,ARG,220,A,ASN,224,B,CD,OD1,3.4212570789111956,153.9705692665844,HD3
4,LEU,222,A,PHE,221,B,CA,O,3.4445609299299695,141.56563790967502,HA
5,VAL,223,A,PHE,221,B,CG2,O,3.4874775984943676,139.26945645352035,HG22
6,TYR,236,A,SER,232,B,CE1,O,3.469553285366868,138.73573794081065,HE1
7,LYS,318,A,ASP,364,B,CE,OD2,3.0429755174828483 *,111.19230767896597,HE2
8,LYS,318,A,GLN,367,B,CE,OE1,3.456732561249139,111.42596234432598,HE2
9,LYS,301,A,LEU,4,B,O,CD1,3.34885054906904,117.97982859997846,HD13
10,GLN,299,A,TRP,13,B,O,CB,3.511025491220478,136.5100399320188,HB2
11,GLN,299,A,TRP,13,B,O,CD1,3.5979438572606948,135.67049360035972,HD1
12,TYR,314,A,LEU,30,B,O,CD1,3.4532448508612865,136.42772924407942,HD11
13,ASP,216,A,ARG,207,B,OD2,CG,3.4842072269025595,112.4334460565226,HG3
14,VAL,223,A,ARG,220,B,O,CA,3.079236918458857 *,114.42910570435124,HA
15,VAL,223,A,ARG,220,B,O,CB,3.033051268936943 *,113.68297581126347,HB3
16,VAL,223,A,ARG,220,B,O,CG,3.390781620806625,123.08710215637349,HG2
17,ASN,224,A,ARG,220,B,OD1,CG,3.123491635974074 *,114.13368535166572,HG2
18,PRO,202,A,ARG,220,B,O,CD,3.489412558010301,153.71616925279312,HD3
19,PHE,221,A,LEU,222,B,O,CA,3.403601034198929,147.74056790197312,HA
20,PHE,221,A,LEU,222,B,O,CD1,3.543938487050822,151.55649408599848,HD12
21,SER,232,A,TYR,236,B,O,CE2,3.52207325307126,126.0733848698318,HE2
22,HIS,229,A,GLU,375,B,ND1,CG,3.562667539920054,114.91534420000264,HG3
