,Res. Name 1,Res. Number 1,Chain 1,Res. Name 2,Res. Number 2,Chain 2,Atom 1,Atom 2,Distance (Å),Theta °,H Atom
0,PRO,1,A,GLU,308,B,CA,OE1,3.3781355804644653,147.28447233085188,HA
1,ARG,220,A,VAL,223,B,CA,O,3.2818744643876934,128.54726642439783,HA
2,ARG,220,A,ASN,224,B,CB,OD1,3.39596819773095,137.23510819269603,HB2
3,ARG,220,A,VAL,223,B,CG,O,3.5863770019338435,140.01044049279488,HG3
4,ARG,220,A,ASN,224,B,CD,OD1,3.261303420413378,146.7103255390291,HD3
5,LEU,222,A,PHE,221,B,CA,O,3.465097401228435,132.32977159349613,HA
6,LEU,222,A,PHE,221,B,CG,O,3.5159209319892297,128.218487413293,HG
7,VAL,223,A,MET,239,B,CB,SD,3.5035553370826067,125.5269141759467,HB
8,TYR,236,A,SER,232,B,CE1,O,3.580251387821809,157.92187673036048,HE1
9,ILE,304,A,TRP,13,B,CG2,O,3.5526891223409867,158.01948101615147,HG21
10,LYS,318,A,GLU,360,B,CE,OE2,3.561923637586856,143.679002785063,HE3
11,GLU,308,A,PRO,15,B,OE2,CB,3.471570249901329,117.3500670598152,HB2
12,VAL,223,A,ARG,220,B,O,CA,3.441932596667166,135.42216133994282,HA
13,ASN,224,A,ARG,220,B,OD1,CB,3.478404806804406,132.25959839309192,HB2
14,ASN,224,A,ARG,220,B,OD1,CD,3.4343267171310328,115.99627937867456,HD3
15,PHE,221,A,LEU,222,B,O,CA,3.472693479131146,143.64100937366223,HA
