,Res. Name 1,Res. Number 1,Chain 1,Res. Name 2,Res. Number 2,Chain 2,Distance (Å),Theta °,Gamma °
0,TYR,236,A,HIS,229,B,5.101336948944529,58.248605876238145,85.02648206532136
1,TYR,236,A,TYR,236,B,4.370623207532563,29.44688481004999,78.81039767144792
