,Res. Name 1,Res. Number 1,Chain 1,Res. Name 2,Res. Number 2,Chain 2,Atom 1,Atom 2,Distance (Å),Theta °,H Atom
0,LEU,2,A,GLN,305,B,CG,O,3.5065224938676804,135.59029096173302,HG
1,ARG,220,A,ASN,224,B,CB,OD1,3.31452862410329,127.32310624539642,HB2
2,ARG,220,A,ASN,224,B,CD,OD1,3.5449541604934787,138.5018066295711,HD3
3,LEU,222,A,PHE,221,B,CA,O,3.318840158850676,142.37692419595277,HA
4,LEU,222,A,PHE,221,B,CG,O,3.2221266269344495,133.2974836707259,HG
5,LEU,222,A,PHE,221,B,CD2,O,3.5964565894780303,112.20979712739584,HD21
6,TYR,236,A,SER,232,B,CE1,O,3.472779866331865,140.5021141902952,HE1
7,GLN,305,A,LEU,2,B,CG,O,3.461502563916424,142.08225695395282,HG2
8,LYS,318,A,GLU,360,B,CD,OE2,3.3519546536312252,117.14265533667434,HD2
9,GLU,375,A,HIS,229,B,CA,ND1,3.461069198961501,124.78406347579796,HA
10,GLY,274,A,LEU,2,B,O,CD2,3.4824847451209346,122.91984540070855,HD21
11,LYS,301,A,LEU,4,B,O,CD1,3.34212507246512,110.54304834075934,HD12
12,GLN,299,A,TRP,13,B,O,CB,3.3816268274308507,132.84318065242545,HB2
13,GLN,299,A,TRP,13,B,O,CD1,3.418318299983193,137.98290499218382,HD1
14,GLU,308,A,PRO,15,B,OE2,CB,3.4726070897813943,139.55158301188803,HB2
15,PRO,313,A,LEU,30,B,O,CD1,3.5837131581643153,118.66736808389196,HD11
16,VAL,223,A,ARG,220,B,O,CA,3.4406685396881853,122.10067103622056,HA
17,VAL,223,A,ARG,220,B,O,CB,3.5540680916380945,128.75400970757667,HB2
18,ASN,224,A,ARG,220,B,OD1,CB,3.4842646282967653,156.3189608304499,HB3
19,PRO,202,A,ARG,220,B,O,CD,3.4602601058301943,123.14380717657644,HD3
20,PHE,221,A,LEU,222,B,O,CA,3.384050827041459,155.08550946987648,HA
21,ARG,219,A,ASN,224,B,O,CA,3.5163333175340505,137.94459353579262,HA
22,MET,374,A,HIS,229,B,O,CE1,3.0289437102726033 *,122.13482737813544,HE1
23,LEU,2,A,GLN,305,B,O,CG,3.5238047619015465,138.98464927527735,HG2
