,Res. Name 1,Res. Number 1,Chain 1,Res. Name 2,Res. Number 2,Chain 2,Atom 1,Atom 2,Distance (Å),Theta °,H Atom
0,ARG,220,A,VAL,223,B,CA,O,3.2920965963956674,139.57048654617617,HA
1,ARG,220,A,ASN,224,B,CB,OD1,3.4653138386010585,159.5773446959044,HB2
2,ARG,220,A,VAL,223,B,CG,O,3.541383910281402,146.61010061482614,HG3
3,LEU,222,A,PHE,221,B,CA,O,3.4213155364566954,146.46480041402094,HA
4,ARG,225,A,ARG,219,B,CG,O,3.5424567746127886,150.81831171332283,HG3
5,HIS,229,A,GLU,375,B,CA,OE2,3.5059235587787727,115.43209717593146,HA
6,HIS,229,A,GLU,375,B,CB,OE2,3.478692283028202,139.6655680408433,HB2
7,TYR,236,A,SER,232,B,CE1,O,3.599861108431831,132.1561212336561,HE1
8,TYR,236,A,HIS,229,B,CE2,NE2,3.409985337211877,126.86710507701802,HE2
9,GLU,375,A,HIS,229,B,CA,ND1,3.4572387826125057,130.34152005329457,HA
10,GLN,305,A,LEU,2,B,O,CD2,3.5917405251493277,153.31848318325115,HD22
11,LYS,301,A,LEU,4,B,O,CD1,3.459841036810799,115.9669070629549,HD11
12,GLN,299,A,TRP,13,B,O,CB,3.5094444004713923,129.51123902316854,HB2
13,GLN,299,A,TRP,13,B,O,CD1,3.1051731030652587 *,141.575631165131,HD1
14,TYR,314,A,LYS,29,B,O,CA,3.4817237110373926,131.49647102645017,HA
15,TYR,314,A,LYS,29,B,O,CB,3.3863697376394106,126.98264234742685,HB2
16,ASP,216,A,ARG,207,B,OD2,CG,3.515807161947308,114.20889104918629,HG3
17,VAL,223,A,ARG,220,B,O,CA,3.1011771958403167 *,142.61148910307452,HA
18,ASN,224,A,ARG,220,B,OD1,CD,3.5439667041325342,111.01919359459822,HD2
19,PHE,221,A,LEU,222,B,O,CA,3.519630662441732,143.81890174825045,HA
20,PHE,221,A,LEU,222,B,O,CD1,3.133831520678806 *,116.46726097838255,HD12
21,ARG,219,A,ASN,224,B,O,CA,3.416869912653979,139.90268034164194,HA
22,ASP,324,A,THR,358,B,OD1,CG2,3.5208805716752076,118.99260858691655,HG21
