,Res. Name 1,Res. Number 1,Chain 1,Res. Name 2,Res. Number 2,Chain 2,Distance (Å),Theta °,Gamma °
0,TYR,236,A,HIS,229,B,5.159017843651151,64.37673285511342,86.60443676148097
1,TYR,236,A,TYR,236,B,4.272150447309235,33.07305041087744,77.09236068339246
