,Res. Name 1,Res. Number 1,Chain 1,Res. Name 2,Res. Number 2,Chain 2,Distance (Å),Theta °,Gamma °
0,HIS,229,A,TRP,317,B,5.487784999207869,23.846756852903713,82.71306416575275
1,TYR,236,A,HIS,229,B,5.017659713452087,66.54305414024478,83.80857798380032
2,TYR,236,A,TYR,236,B,5.386935585284085,22.708421638523223,85.15184037910895
