,Res. Name 1,Res. Number 1,Chain 1,Res. Name 2,Res. Number 2,Chain 2,Atom 1,Atom 2,Distance (Å),Theta °,H Atom
0,LEU,2,A,LEU,270,B,CD2,O,3.468414623426673,117.85864479157017,HD21
1,ARG,19,A,GLU,308,B,CD,OE1,3.553744504040773,129.72699296560975,HD3
2,ARG,220,A,VAL,223,B,CA,O,3.383223315124201,131.5258482720119,HA
3,ARG,220,A,ASN,224,B,CB,OD1,3.0813957876261187 *,130.34757491778262,HB2
4,ARG,220,A,PRO,202,B,CD,O,3.362335497834799,114.30893622398975,HD3
5,ARG,220,A,ASN,224,B,CD,OD1,3.471455026354219,128.25410549926812,HD3
6,LEU,222,A,PHE,221,B,CA,O,3.2539975414864726,146.50451478164345,HA
7,TYR,236,A,HIS,229,B,CE2,NE2,3.4127554849417456,136.34899845895947,HE2
8,GLN,299,A,TRP,13,B,O,CB,3.582331642938726,149.45430635161603,HB2
9,GLN,299,A,TRP,13,B,O,CD1,3.4054221471059956,138.90544623793232,HD1
10,TYR,314,A,LYS,29,B,O,CA,3.5752622281449558,126.06688021859362,HA
11,LEU,293,A,LEU,30,B,O,CD1,3.5440795702128294,131.02475480493825,HD13
12,VAL,223,A,ARG,220,B,O,CA,3.2626063201066726,121.55986450485605,HA
13,ASN,224,A,ARG,220,B,OD1,CB,3.480344810503698,138.45729999886575,HB3
14,PRO,202,A,ARG,220,B,O,CD,3.257560436891389,135.56238073463055,HD3
15,ASN,224,A,ARG,220,B,OD1,CD,3.4258429619584114,134.20345508249252,HD3
16,PHE,221,A,LEU,222,B,O,CA,3.210887727716428 *,148.5766347097319,HA
17,PHE,221,A,LEU,222,B,O,CG,3.5196306624417244,123.20786258621365,HG
18,MET,374,A,HIS,229,B,O,CE1,3.0247975138841987 *,114.5895115772813,HE1
19,MET,239,A,MET,239,B,SD,CE,3.591476019688838,120.30520843645066,HE3
20,LEU,2,A,GLN,305,B,O,CG,3.5817593442329487,156.0624226745691,HG2
21,HIS,229,A,TRP,317,B,NE2,CZ3,3.509686595694839,138.57197171539357,HZ3
