,Res. Name 1,Res. Number 1,Chain 1,Res. Name 2,Res. Number 2,Chain 2,Distance (Å),Theta °,Gamma °
0,TYR,236,A,HIS,229,B,5.011213270700464,62.51258212317775,85.26590104963843
1,TYR,236,A,TYR,236,B,5.298007224943688,14.77073462700849,88.82046784583609
