,Res. Name 1,Res. Number 1,Chain 1,Res. Name 2,Res. Number 2,Chain 2,Atom 1,Atom 2,Distance (Å),Theta °,H Atom
0,ARG,220,A,VAL,223,B,CA,O,3.4723047101313007,137.3773025656265,HA
1,ARG,220,A,ASN,224,B,CB,OD1,3.1171782111390445 *,117.83490800691905,HB2
2,ARG,220,A,ASN,224,B,CG,OD1,3.255564467185366,128.69569620083814,HG3
3,LEU,222,A,PHE,221,B,CD1,O,3.448608414998724,128.59215590799727,HD12
4,TYR,236,A,SER,232,B,CE1,O,3.395305582712694,139.3548918107027,HE1
5,TYR,236,A,HIS,229,B,CE2,NE2,3.4163430741071723,128.02994302975907,HE2
6,GLN,305,A,LEU,2,B,CG,O,3.527534549795368,132.11974523190528,HG2
7,GLU,375,A,HIS,229,B,CA,ND1,3.428396126470807,136.49488924382226,HA
8,LYS,301,A,LEU,4,B,O,CD1,3.431544841612886,113.65227564229625,HD13
9,VAL,223,A,ARG,220,B,O,CA,3.250261527938945,110.83100572505886,HA
10,VAL,223,A,ARG,220,B,O,CB,3.3438899503422657,127.94940100141451,HB2
11,ASN,224,A,ARG,220,B,OD1,CB,3.3298648621227893,149.35469494581002,HB3
12,PRO,202,A,ARG,220,B,O,CD,3.182027655442357 *,115.62892217490197,HD3
13,PHE,221,A,LEU,222,B,O,CA,3.5445168923282115,133.13986520484622,HA
14,ARG,219,A,ARG,225,B,O,CA,3.3903687115120746,110.96407465031433,HA
15,LEU,2,A,GLN,305,B,O,CG,3.5160915801497548,131.0241164513647,HG2
