,Res. Name 1,Res. Number 1,Chain 1,Res. Name 2,Res. Number 2,Chain 2,Atom 1,Atom 2,Distance (Å),Theta °,H Atom
0,ARG,220,A,VAL,223,B,CA,O,3.4889826597448206,141.28893168525778,HA
1,ARG,220,A,ASN,224,B,CB,OD1,3.3631532822635335,138.52577088283337,HB2
2,ARG,220,A,ASN,224,B,CD,OD1,3.4968843275121344,133.75977557885415,HD3
3,ASN,224,A,ARG,219,B,CA,O,3.5895682191595157,146.68273127549205,HA
4,GLN,316,A,ILE,12,B,OE1,CG2,3.263219269371894,110.1766817006465,HG22
5,GLN,299,A,TRP,13,B,O,CD1,3.406185549848973,146.46274339149284,HD1
6,GLU,308,A,PRO,15,B,OE2,CG,3.567085645173106,111.79826196011334,HG2
7,GLU,308,A,PRO,15,B,OE2,CB,3.1901567359614234 *,110.5342067954952,HB2
8,VAL,295,A,LEU,30,B,O,CD1,3.4216078092031483,126.69027422513464,HD11
9,GLU,315,A,LEU,30,B,OE1,CD1,3.3291740717481297,133.30315548669387,HD13
10,VAL,223,A,ARG,220,B,O,CA,3.43457420941811,139.18724170292924,HA
11,ASN,224,A,ARG,220,B,OD1,CG,3.0619111678819166 *,120.95320718433537,HG2
12,PHE,221,A,LEU,222,B,O,CA,3.4516807500115045,143.60898622600558,HA
13,PHE,221,A,LEU,222,B,O,CD1,3.5944818819963418,151.49948122977688,HD12
14,SER,232,A,TYR,236,B,O,CE1,3.1675226913157144 *,127.52393034114085,HE1
15,SER,232,A,TYR,236,B,O,CZ,3.3240186521738995,114.52831444599187,HH
