,Res. Name 1,Res. Number 1,Chain 1,Res. Name 2,Res. Number 2,Chain 2,Distance (Å),Theta °,Gamma °
0,TYR,236,A,HIS,229,B,5.270941524581315,63.89135508315807,84.4495756115897
1,TYR,236,A,TYR,236,B,4.778367340885839,15.334763298619759,81.32087549151811
