,Res. Name 1,Res. Number 1,Chain 1,Res. Name 2,Res. Number 2,Chain 2,Atom 1,Atom 2,Distance (Å),Theta °,H Atom
0,LEU,2,A,GLU,308,B,CB,OE1,3.318147073292566,119.25820654354361,HB3
1,LEU,2,A,ILE,304,B,CD2,O,3.4393167926203057,126.37189289779911,HD23
2,ARG,220,A,VAL,223,B,CA,O,3.5705741835172637,137.09524067214448,HA
3,LEU,222,A,PHE,221,B,CA,O,3.360491035548236,146.94078757757654,HA
4,ARG,225,A,ARG,219,B,CD,O,3.5583282591689045,178.27860238629464,HD3
5,LYS,301,A,LEU,4,B,O,CD1,3.425857556875358,141.497743375045,HD13
6,GLN,299,A,TRP,13,B,O,CD1,3.5104130811059786,163.13818151623298,HD1
7,GLU,315,A,LEU,30,B,OE1,CD1,3.4377608991900517,127.00605188696977,HD12
8,VAL,223,A,ARG,220,B,O,CA,3.27685825143536,137.8878917988858,HA
9,ASN,224,A,ARG,220,B,OD1,CB,3.447042210359484,154.16403093205204,HB2
10,VAL,223,A,ARG,220,B,O,CG,3.5386296782794338,139.5191999827212,HG3
11,PRO,202,A,ARG,220,B,O,CD,3.349835816872223,130.5273022361786,HD3
12,PHE,221,A,LEU,222,B,O,CG,3.502584759859497,123.86919444193042,HG
13,PHE,221,A,LEU,222,B,O,CD2,3.479094709834728,129.45393379663852,HD22
