,Res. Name 1,Res. Number 1,Chain 1,Res. Name 2,Res. Number 2,Chain 2,Atom 1,Atom 2,Distance (Å),Theta °,H Atom
0,PRO,1,A,GLU,308,B,CA,OE1,2.928993001015872 *,114.14586028672454,HA
1,LEU,2,A,ILE,304,B,CD2,O,3.5479289733589665,125.26180885180523,HD23
2,ARG,220,A,VAL,223,B,CA,O,3.3645802115568477,137.89227210046337,HA
3,ARG,220,A,ASN,224,B,CB,OD1,3.4049375912048703,138.5345870598993,HB2
4,LEU,222,A,PHE,221,B,CA,O,3.5032841734578017,154.79584694859867,HA
5,TYR,236,A,HIS,229,B,CE2,NE2,3.417981860689141,135.84623043730244,HE2
6,LYS,318,A,GLY,359,B,CE,O,3.3287985820713146,117.94512309523232,HE2
7,LYS,318,A,ASP,364,B,CE,OD1,3.5142282225262527,156.5730759546363,HE3
8,LYS,301,A,LEU,4,B,O,CD1,3.4005146669291078,131.15160351092788,HD11
9,GLN,299,A,TRP,13,B,O,CD1,3.3471480397496594,149.37399352725302,HD1
10,GLU,308,A,PRO,15,B,OE1,CB,3.599194354296523,144.10290048890437,HB2
11,VAL,223,A,ARG,220,B,O,CA,3.4784335554959207,137.6750929475061,HA
12,ASN,224,A,ARG,220,B,OD1,CB,3.3009998485307412,131.69039539138538,HB2
13,ASN,224,A,ARG,220,B,OD1,CD,3.5008284733759805,137.38093961798663,HD3
14,PHE,221,A,LEU,222,B,O,CA,3.4381972020231744,145.17768343367277,HA
15,GLU,375,A,ASP,228,B,OE1,CA,3.569789909784609,117.75033191594758,HA
16,GLU,375,A,HIS,229,B,OE1,CB,3.344039473451238,121.02798697364183,HB2
