,Res. Name 1,Res. Number 1,Chain 1,Res. Name 2,Res. Number 2,Chain 2,Distance (Å),Theta °,Gamma °
0,TYR,236,A,HIS,229,B,5.112057402738056,66.65533397664194,85.47884003621952
1,TYR,236,A,TYR,236,B,4.554949383789987,45.6489450856746,81.07162166366102
