,Res. Name 1,Res. Number 1,Chain 1,Res. Name 2,Res. Number 2,Chain 2,Atom 1,Atom 2,Distance (Å),Theta °,H Atom
0,PRO,1,A,GLU,308,B,CA,OE2,3.193947400944478 *,116.8505755670435,HA
1,PHE,221,A,VAL,223,B,CD1,O,3.585651963032661,131.3526611506867,HD1
2,LEU,222,A,PHE,221,B,CA,O,3.5774991264848652,151.89230085069343,HA
3,ASN,224,A,ARG,219,B,CA,O,3.537287096066702,134.23782782983577,HA
4,ARG,225,A,ARG,219,B,CA,O,3.5746048732692093,115.88441172404814,HA
5,LYS,301,A,LEU,4,B,CE,O,3.570588186839808,122.46006846969802,HE3
6,GLN,305,A,LEU,2,B,CG,O,3.2795578970342936,142.51399880697815,HG2
7,GLN,305,A,LEU,2,B,O,CD2,3.322830119040095,116.50178338756848,HD23
8,GLN,299,A,TRP,13,B,O,CD1,3.288616730481069,159.43292125507514,HD1
9,VAL,223,A,ARG,220,B,O,CA,3.432928778754376,144.81648897468057,HA
10,ASN,224,A,ARG,220,B,OD1,CB,3.3929633066097225,144.12199355307774,HB2
11,VAL,223,A,ARG,220,B,O,CG,3.4875922926856093,147.98485793472165,HG3
12,PRO,202,A,ARG,220,B,O,CD,3.2126157566693165 *,124.48262703258625,HD3
13,PHE,221,A,LEU,222,B,O,CD1,3.4628889673219354,120.45820213180723,HD11
14,ARG,219,A,ASN,224,B,O,CA,3.525975042452806,129.19211551282962,HA
