,Res. Name 1,Res. Number 1,Chain 1,Res. Name 2,Res. Number 2,Chain 2,Atom 1,Atom 2,Distance (Å),Theta °,H Atom
0,ARG,220,A,VAL,223,B,CA,O,3.59537202525691,129.17120418543254,HA
1,ARG,220,A,ASN,224,B,CB,OD1,3.3642383982113993,136.49735224548533,HB2
2,LEU,222,A,PHE,221,B,CA,O,3.4229373350968637,147.93090578435093,HA
3,LEU,222,A,PHE,221,B,CD2,O,3.3384727046959766,132.22012535621315,HD21
4,ARG,225,A,ARG,219,B,CD,O,3.4594074637139824,143.43287268198918,HD2
5,TYR,236,A,SER,232,B,CE1,O,3.5428519585215503,133.46914306467372,HE1
6,PRO,313,A,PRO,28,B,CB,O,3.5095013890864935,143.63488241608553,HB2
7,GLN,305,A,LEU,2,B,O,CD1,3.464390278245223,133.91154560424604,HD13
8,GLN,305,A,LEU,2,B,O,CD2,3.3634654747745003,138.82969072508234,HD21
9,VAL,223,A,ARG,220,B,O,CA,3.4672323256453477,130.74332914685976,HA
10,ASN,224,A,ARG,220,B,OD1,CB,3.3378735745980586,142.04192735771986,HB2
11,VAL,223,A,ARG,220,B,O,CG,3.349283505467995,148.26785752165992,HG3
12,ASN,224,A,ARG,220,B,OD1,CD,3.458323293158116,141.9855768056467,HD3
13,PHE,221,A,LEU,222,B,O,CD1,3.578840594382488,138.68475705496832,HD11
14,ARG,219,A,ARG,225,B,O,CA,3.373781261433529,111.84535588024774,HA
15,SER,232,A,TYR,236,B,O,CE2,3.5839363833639717,156.42653623072107,HE2
16,LEU,2,A,GLN,305,B,O,CG,3.380014792867034,125.86706451957981,HG2
17,GLN,227,A,ARG,378,B,OE1,CB,3.541496858674312,154.43315483522562,HB2
18,GLN,227,A,ARG,378,B,OE1,CD,3.487305550134657,149.95040580451752,HD2
