,Res. Name 1,Res. Number 1,Chain 1,Res. Name 2,Res. Number 2,Chain 2,Distance (Å),Theta °,Gamma °
0,TYR,236,A,HIS,229,B,5.284064145039197,56.09670270900843,82.44737336027048
1,TYR,236,A,TYR,236,B,4.363623939902339,27.68179604341642,78.35369002168791
