,Res. Name 1,Res. Number 1,Chain 1,Res. Name 2,Res. Number 2,Chain 2,Atom 1,Atom 2,Distance (Å),Theta °,H Atom
0,ARG,220,A,VAL,223,B,CA,O,3.2663435214318746,134.5596595043362,HA
1,ARG,220,A,VAL,223,B,CG,O,3.321099215621231,140.63219369298852,HG3
2,ARG,220,A,ASN,224,B,CD,OD1,3.492806894175514,144.16824644631018,HD3
3,LEU,222,A,PHE,221,B,CA,O,3.2242983732899146,139.46618751943876,HA
4,LEU,222,A,PHE,221,B,CD2,O,3.5853730628764424,129.7348901137376,HD23
5,ASN,224,A,ARG,219,B,CA,O,3.4284690460904024,146.50797980631611,HA
6,HIS,229,A,GLU,375,B,CB,OE2,3.595858729149407,134.18745516621945,HB2
7,ILE,304,A,TRP,13,B,CG2,O,3.3445627516911687,146.2124420015311,HG23
8,GLN,305,A,LEU,2,B,CG,O,3.5944123302704067,140.74181789831624,HG2
9,PRO,313,A,PRO,28,B,CB,O,3.3992646263567075,118.11795077289328,HB2
10,PRO,313,A,PRO,28,B,CA,O,3.230247668523267,117.34608940440263,HA
11,GLN,316,A,ILE,12,B,OE1,CG2,3.0866486680540763 *,111.50037087902608,HG23
12,GLN,299,A,TRP,13,B,O,CD1,3.24550458326591,157.95302767187744,HD1
13,GLU,308,A,PRO,15,B,OE2,CB,3.315297875003091,140.6103962958896,HB2
14,TYR,314,A,LYS,29,B,O,CA,3.5321664739929832,149.30949860691666,HA
15,VAL,223,A,ARG,220,B,O,CA,3.2756983988151354,144.65257418747436,HA
16,ASN,224,A,ARG,220,B,OD1,CB,3.5735276688448914,152.2639859624652,HB2
17,VAL,223,A,ARG,220,B,O,CG,3.5320956951928744,154.1636096108455,HG3
18,PHE,221,A,LEU,222,B,O,CA,3.3609671227192957,146.46999064513642,HA
