,Res. Name 1,Res. Number 1,Chain 1,Res. Name 2,Res. Number 2,Chain 2,Distance (Å),Theta °,Gamma °
0,TYR,236,A,HIS,229,B,5.372159156242496,63.77280301511239,81.70173750472759
1,TYR,236,A,TYR,236,B,4.5845362057924826,24.64298120706815,78.0984142623904
