,Res. Name 1,Res. Number 1,Chain 1,Res. Name 2,Res. Number 2,Chain 2,Atom 1,Atom 2,Distance (Å),Theta °,H Atom
0,ARG,220,A,VAL,223,B,CA,O,3.3201355394019747,127.42090495545771,HA
1,ARG,220,A,ASN,224,B,CB,OD1,3.4403924194777598,153.18060292444224,HB2
2,ARG,220,A,VAL,223,B,CG,O,3.329759751093163,149.0260751311769,HG3
3,LEU,222,A,PHE,221,B,CA,O,3.219736014023511 *,144.05445084573844,HA
4,LEU,222,A,PHE,221,B,CB,O,3.560140446667802,116.39844018457082,HB3
5,ASN,224,A,ARG,219,B,CA,O,3.579972066930133,137.9303284993385,HA
6,GLN,305,A,LEU,2,B,CG,O,3.5973601432161364,127.07415313456568,HG2
7,PRO,313,A,GLY,27,B,CG,O,3.3098791518724675,120.6805597323263,HG2
8,LYS,318,A,ASP,364,B,CE,OD1,3.1976553910639036 *,128.46746975184038,HE3
9,GLU,308,A,PRO,1,B,OE2,CB,3.333376666385011,135.89240075558175,HB2
10,GLY,274,A,LEU,2,B,O,CD2,3.5198437465319383,123.97824169187722,HD23
11,LYS,301,A,LEU,4,B,O,CD1,3.5443052915910016,141.8083830420279,HD13
12,ARG,311,A,ARG,24,B,O,CD,3.179465363862297 *,153.35605066839122,HD3
13,LEU,293,A,LEU,30,B,O,CD2,3.483059000361607,125.67058677822644,HD23
14,VAL,223,A,ARG,220,B,O,CA,3.1948865394564465 *,128.41055349545803,HA
15,VAL,223,A,ARG,220,B,O,CB,3.4968700290402537,119.15428190646506,HB2
16,ASN,224,A,ARG,220,B,OD1,CB,3.4308890975955544,160.09972460888412,HB3
17,PHE,221,A,LEU,222,B,O,CA,3.494352586674677,140.41451713000032,HA
18,MET,374,A,HIS,229,B,O,CE1,3.3430824099923124,117.41530818246152,HE1
19,LEU,2,A,GLN,305,B,O,CG,3.596569059534377,120.77370921512829,HG2
20,ASP,364,A,LYS,318,B,OD2,CE,3.391961084682433,164.78973358438174,HE3
